kope,coffee,Food & Drinks,Drinks,25
koka,coke,Food & Drinks,Drinks,26
kokoleka wela,hot chocolate,Food & Drinks,Drinks,27
mea inu,drink,Food & Drinks,Drinks,28
waiū,milk,Food & Drinks,Drinks,29
wai ʻalani,orange juice,Food & Drinks,Drinks,31
koka,soda,Food & Drinks,Drinks,32
kī,tea,Food & Drinks,Drinks,33
wai,water,Food & Drinks,Drinks,34
wai niu,coconut water,Food & Drinks,Drinks,1854
palaoa,bread,Food & Drinks,Food,121
ʻaina kakahiaka,breakfast,Food & Drinks,Food,122
hua ʻai,fruits,Food & Drinks,Food,123
waiūpaʻa,cheese,Food & Drinks,Food,124
hua moa,egg,Food & Drinks,Food,125
iʻa,fish,Food & Drinks,Food,126
kupa,soup,Food & Drinks,Food,128
ʻiʻo,meat,Food & Drinks,Food,132
kōpaʻa,sugar,Food & Drinks,Food,134
lau ʻai,salad,Food & Drinks,Food,135
puluma,plum,Food & Drinks,Fruits,678
kiwi,kiwi,Food & Drinks,Fruits,679
meleni,honeydew melon,Food & Drinks,Fruits,681
piki,peach,Food & Drinks,Fruits,682
keli,cherry,Food & Drinks,Fruits,683
ʻāpala,apple,Food & Drinks,Fruits,685
waina,grape,Food & Drinks,Fruits,690
ipu kāniʻo,watermelon,Food & Drinks,Fruits,691
pea,pear,Food & Drinks,Fruits,692
maiʻa,banana,Food & Drinks,Fruits,694
melehune,mushroom,Food & Drinks,Vegetables,129
palakalī,broccoli,Food & Drinks,Vegetables,697
kāpiki,cabbage,Food & Drinks,Vegetables,698
kāpiki pua,cauliflower,Food & Drinks,Vegetables,700
kūlina,corn,Food & Drinks,Vegetables,701
kaʻukama,cucumber,Food & Drinks,Vegetables,702
lekuke,lettuce,Food & Drinks,Vegetables,704
pakalī,parsley,Food & Drinks,Vegetables,706
lakika,radish,Food & Drinks,Vegetables,709
pila,bill,Food & Drinks,Restaurant,730
ʻōmole,bottle,Food & Drinks,Restaurant,731
hōʻonoʻono ʻai,condiments,Food & Drinks,Restaurant,733
mea ʻai momona,dessert,Food & Drinks,Restaurant,734
papa kuhikuhi mea ʻai,menu,Food & Drinks,Restaurant,738
kāwele pepa,napkin,Food & Drinks,Restaurant,739
ʻai alanui,street food,Food & Drinks,Restaurant,740
uhi pākaukau,tablecloth,Food & Drinks,Restaurant,741
uku lawelawe,tip,Food & Drinks,Restaurant,742
lāʻau ʻōhikihiki niho,toothpick,Food & Drinks,Restaurant,743
pā halihali,tray,Food & Drinks,Restaurant,744
ʻiʻo puaʻa uahi,bacon,Food & Drinks,More_Foods,764
waiūpaka,butter,Food & Drinks,More_Foods,765
puaʻa hame,ham,Food & Drinks,More_Foods,768
ʻiʻo pipi i wili ʻia,hamburger,Food & Drinks,More_Foods,769
naʻaukake ʻAmelika,hotdog,Food & Drinks,More_Foods,771
kāmano,salmon,Food & Drinks,More_Foods,776
naʻaukake,sausage,Food & Drinks,More_Foods,777
waiūtepe,yogurt,Food & Drinks,More_Foods,779
kīpaoa,basil,Food & Drinks,Spices_and_Sweets,848
mea ʻono,cake,Food & Drinks,Spices_and_Sweets,850
kili,chili,Food & Drinks,Spices_and_Sweets,851
kokoleka,chocolate,Food & Drinks,Spices_and_Sweets,852
kinamona,cinnamon,Food & Drinks,Spices_and_Sweets,853
kuki,cookie,Food & Drinks,Spices_and_Sweets,854
ʻawapuhi,ginger,Food & Drinks,Spices_and_Sweets,855
māpina,muffin,Food & Drinks,Spices_and_Sweets,856
koneko,donut,Food & Drinks,Spices_and_Sweets,857
palaoa maka,flour,Food & Drinks,Spices_and_Sweets,858
meli,honey,Food & Drinks,Spices_and_Sweets,859
haukalima,ice cream,Food & Drinks,Spices_and_Sweets,860
kanakē ʻau,lollipop,Food & Drinks,Spices_and_Sweets,861
pepa,pepper,Food & Drinks,Spices_and_Sweets,862
paʻakai,salt,Food & Drinks,Spices_and_Sweets,863
wanila,vanilla,Food & Drinks,Spices_and_Sweets,864
mīkini kāwili,blender,Food & Drinks,Cooking,950
kini,can,Food & Drinks,Cooking,951
puke kuke,cookbook,Food & Drinks,Cooking,952
wili wehe ʻumoki,corkscrew,Food & Drinks,Cooking,953
waʻu,grater,Food & Drinks,Cooking,954
mea hana wai hua ʻai,juicer,Food & Drinks,Cooking,955
kīʻoʻe,ladle,Food & Drinks,Cooking,956
mīkini wili ʻai,mixer,Food & Drinks,Cooking,957
ʻumeke kāwili,mixing bowl,Food & Drinks,Cooking,958
ʻūmiʻi kukui haole,nutcracker,Food & Drinks,Cooking,959
wili pepa,pepper mill,Food & Drinks,Cooking,960
ʻūpī,sponge,Food & Drinks,Cooking,961
kānana,strainer,Food & Drinks,Cooking,962
kelemomeka,thermometer,Food & Drinks,Cooking,963
uaki,timer,Food & Drinks,Cooking,964
mea hoʻopāpaʻa palaoa,toaster,Food & Drinks,Cooking,965
lawe hikiwawe,whisk,Food & Drinks,Cooking,966
palaoa palani,baguette,Food & Drinks,Pastries,1494
palaoa liʻiliʻi,bun,Food & Drinks,Pastries,1496
kanakē,candy,Food & Drinks,Pastries,1497
pelena,crackers,Food & Drinks,Pastries,1499
pīnekipaka,peanut butter,Food & Drinks,Pastries,1502
pai,pie,Food & Drinks,Pastries,1504
pai pika,pizza,Food & Drinks,Pastries,1505
pelena peʻa,pretzel,Food & Drinks,Pastries,1506
wā hoʻomākaukau kope,brew time,Food & Drinks,Tea_and_Coffee,1853
kope,coffee bean,Food & Drinks,Tea_and_Coffee,1855
wili kope,coffee grinder,Food & Drinks,Tea_and_Coffee,1856
kopeika,espresso,Food & Drinks,Tea_and_Coffee,1857
mīkini kopeika,espresso machine,Food & Drinks,Tea_and_Coffee,1858
kānana kope,filter coffee,Food & Drinks,Tea_and_Coffee,1859
kope keʻokeʻo,latte,Food & Drinks,Tea_and_Coffee,1863
ʻeke kī,tea bag,Food & Drinks,Tea_and_Coffee,1865
lau kī,tea leaf,Food & Drinks,Tea_and_Coffee,1867
pea,avocado,Food & Drinks,More_Vegetables,695
ʻoliwa,olive,Food & Drinks,Exotic_Fruits,686
ʻae,yes,Study with Amber,Essentials,1
ʻaʻole,no,Study with Amber,Essentials,2
hiki,ok,Study with Amber,Essentials,3
Aloha,hi,Study with Amber,Essentials,4
Mahalo,thank you,Study with Amber,Essentials,5
A hui hou,bye,Study with Amber,Essentials,6
ʻoluʻolu,please,Study with Amber,Essentials,7
Au,I,Study with Amber,Essentials,9
a me,and,Study with Amber,Essentials,16
a i ʻole,or,Study with Amber,Essentials,17
kēia,this,Study with Amber,Essentials,18
kope,coffee,Study with Amber,Drinks,25
koka,coke,Study with Amber,Drinks,26
kokoleka wela,hot chocolate,Study with Amber,Drinks,27
mea inu,drink,Study with Amber,Drinks,28
waiū,milk,Study with Amber,Drinks,29
wai ʻalani,orange juice,Study with Amber,Drinks,31
koka,soda,Study with Amber,Drinks,32
kī,tea,Study with Amber,Drinks,33
wai,water,Study with Amber,Drinks,34
wai niu,coconut water,Study with Amber,Drinks,1854
ʻOle,zero,Study with Amber,Numbers,41
ʻekahi,one,Study with Amber,Numbers,42
ʻelua,two,Study with Amber,Numbers,43
ʻekolu,three,Study with Amber,Numbers,44
ʻehā,four,Study with Amber,Numbers,45
ʻelima,five,Study with Amber,Numbers,46
ʻeono,six,Study with Amber,Numbers,47
ʻehiku,seven,Study with Amber,Numbers,48
ʻewalu,eight,Study with Amber,Numbers,49
ʻeiwa,nine,Study with Amber,Numbers,50
ʻumi,ten,Study with Amber,Numbers,51
ʻumi kūmākahi,eleven,Study with Amber,Numbers,52
ʻumi kūmālua,twelve,Study with Amber,Numbers,53
iwakālua,twenty,Study with Amber,Numbers,54
haneli,hundred,Study with Amber,Numbers,55
noʻonoʻo au,I think,Study with Amber,Numbers,56
helu au,I count,Study with Amber,Numbers,58
palaoa,bread,Study with Amber,Food,121
ʻaina kakahiaka,breakfast,Study with Amber,Food,122
hua ʻai,fruits,Study with Amber,Food,123
waiūpaʻa,cheese,Study with Amber,Food,124
hua moa,egg,Study with Amber,Food,125
iʻa,fish,Study with Amber,Food,126
kupa,soup,Study with Amber,Food,128
ʻiʻo,meat,Study with Amber,Food,132
kōpaʻa,sugar,Study with Amber,Food,134
lau ʻai,salad,Study with Amber,Food,135
pepa hahau,cards,Study with Amber,Fun,401
kiʻi ʻoniʻoni,cinema,Study with Amber,Fun,403
aha mele,concert,Study with Amber,Fun,404
hōʻikeʻike,exhibition,Study with Amber,Fun,405
nūpepa,newspaper,Study with Amber,Fun,406
pāʻina,party,Study with Amber,Fun,407
hoʻokūkū,match,Study with Amber,Fun,409
keaka,chat,Study with Amber,Fun,410
mea pāʻani wikiō,video games,Study with Amber,Fun,411
hale ʻaina,restaurant,Study with Amber,Fun,412
mākaʻikaʻi,sightseeing,Study with Amber,Fun,414
hulahula,dance,Study with Amber,Fun,415
kino,body,Study with Amber,Body,421
poʻo,head,Study with Amber,Body,422
lauoho,hair,Study with Amber,Body,423
helehelena,face,Study with Amber,Body,424
pepeiao,ears,Study with Amber,Body,425
maka,eyes,Study with Amber,Body,426
ihu,nose,Study with Amber,Body,427
waha,mouth,Study with Amber,Body,428
niho,tooth,Study with Amber,Body,429
lehe,lips,Study with Amber,Body,431
lima,hand,Study with Amber,Body,432
manamana lima,finger,Study with Amber,Body,433
maiʻao,nail,Study with Amber,Body,434
wāwae,foot,Study with Amber,Body,435
Lele au,I jump,Study with Amber,Body,437
Holo au,I run,Study with Amber,Body,438
huhū,angry,Study with Amber,Emotions,576
manakā,bored,Study with Amber,Emotions,577
mālie,calm,Study with Amber,Emotions,578
pupule,crazy,Study with Amber,Emotions,579
puʻuwai hauʻoli,excited,Study with Amber,Emotions,582
hauʻoli,happy,Study with Amber,Emotions,585
pīhoihoi wale,nervous,Study with Amber,Emotions,587
luhi,tired,Study with Amber,Emotions,592
puluma,plum,Study with Amber,Fruits,678
kiwi,kiwi,Study with Amber,Fruits,679
meleni,honeydew melon,Study with Amber,Fruits,681
piki,peach,Study with Amber,Fruits,682
keli,cherry,Study with Amber,Fruits,683
ʻāpala,apple,Study with Amber,Fruits,685
waina,grape,Study with Amber,Fruits,690
ipu kāniʻo,watermelon,Study with Amber,Fruits,691
pea,pear,Study with Amber,Fruits,692
maiʻa,banana,Study with Amber,Fruits,694
melehune,mushroom,Study with Amber,Vegetables,129
palakalī,broccoli,Study with Amber,Vegetables,697
kāpiki,cabbage,Study with Amber,Vegetables,698
kāpiki pua,cauliflower,Study with Amber,Vegetables,700
kūlina,corn,Study with Amber,Vegetables,701
kaʻukama,cucumber,Study with Amber,Vegetables,702
lekuke,lettuce,Study with Amber,Vegetables,704
pakalī,parsley,Study with Amber,Vegetables,706
lakika,radish,Study with Amber,Vegetables,709
pōhili,baseball,Study with Amber,Sports,882
pōhīnaʻi,basketball,Study with Amber,Sports,883
kuʻikuʻi,boxing,Study with Amber,Sports,884
pōpeku,football,Study with Amber,Sports,887
pōwāwae,soccer,Study with Amber,Sports,894
kenika,tennis,Study with Amber,Sports,897
kolepa,golf,Study with Amber,Sports,1174
kaʻalehia,gymnastics,Study with Amber,Sports,1175
pōpaʻipaʻi,volleyball,Study with Amber,Sports,1186
paʻipaʻi lima,applause,Study with Amber,Music,1052
anaina,audience,Study with Amber,Music,1053
papa hīmeni,choir,Study with Amber,Music,1054
alakaʻi o ka pāna,conductor,Study with Amber,Music,1055
wilipā,DJ,Study with Amber,Music,1056
pahu,drum,Study with Amber,Music,1057
mea hoʻolele leo,microphone,Study with Amber,Music,1059
pāleo mele,music album,Study with Amber,Music,1060
puʻukani,singer,Study with Amber,Music,1063
mele,song,Study with Amber,Music,1064
kahua,stage,Study with Amber,Music,1065
ipu hao uila,electric kettle,Study with Amber,Household_Items,1222
mīkini hoʻomaloʻo lauoho,hair dryer,Study with Amber,Household_Items,1224
ʻaiana,iron,Study with Amber,Household_Items,1228
papa ʻaiana,ironing board,Study with Amber,Household_Items,1229
mīkini ʻoki mauʻu,lawnmower,Study with Amber,Household_Items,1230
aniani kukui uila,lightbulb,Study with Amber,Household_Items,1231
kui,needle,Study with Amber,Household_Items,1234
mīkini humuhumu,sewing machine,Study with Amber,Household_Items,1235
ʻaiana lauoho,hair iron,Study with Amber,Household_Items,1236
lopi,thread,Study with Amber,Household_Items,1237
wākiuma,vacuum cleaner,Study with Amber,Household_Items,1238
uaki hoʻāla,alarm clock,Study with Amber,Sleep,1239
pālulu pukaaniani,blinds,Study with Amber,Sleep,1240
moeʻuhane,dream,Study with Amber,Sleep,1242
moe lewa,hammock,Study with Amber,Sleep,1243
mīkini hoʻonui kawaūea,humidifier,Study with Amber,Sleep,1244
hiaʻā,insomnia,Study with Amber,Sleep,1245
hiamoe iki,nap,Study with Amber,Sleep,1246
pō,night,Study with Amber,Sleep,1247
moe ʻino,nightmare,Study with Amber,Sleep,1248
pākaukau moe,nightstand,Study with Amber,Sleep,1249
kanaka holoholo me ka pāiki hāʻawe,backpacker,Study with Amber,Traveling,1273
puka komo,entry gate,Study with Amber,Traveling,1276
kanaka hekehi,hiker,Study with Amber,Traveling,1277
kau wale,hitchhiking,Study with Amber,Traveling,1278
kikiki kaʻaahi,rail ticket,Study with Amber,Traveling,1282
kaʻa kaʻaahi,railroad car,Study with Amber,Traveling,1283
mīkini kikiki,ticket machine,Study with Amber,Traveling,1285
alakaʻi hoʻomākaʻikaʻi,tour guide,Study with Amber,Traveling,1286
malihini,tourist,Study with Amber,Traveling,1287
kaʻapuni,travel,Study with Amber,Traveling,1288
kolo kaʻa,wagon,Study with Amber,Traveling,1289
wā hoʻomākaukau kope,brew time,Study with Amber,Tea_and_Coffee,1853
kope,coffee bean,Study with Amber,Tea_and_Coffee,1855
wili kope,coffee grinder,Study with Amber,Tea_and_Coffee,1856
kopeika,espresso,Study with Amber,Tea_and_Coffee,1857
mīkini kopeika,espresso machine,Study with Amber,Tea_and_Coffee,1858
kānana kope,filter coffee,Study with Amber,Tea_and_Coffee,1859
kope keʻokeʻo,latte,Study with Amber,Tea_and_Coffee,1863
ʻeke kī,tea bag,Study with Amber,Tea_and_Coffee,1865
lau kī,tea leaf,Study with Amber,Tea_and_Coffee,1867
pena maka,makeup,Study with Amber,Makeup,383
lihilihi maka kuʻi,eyelash,Study with Amber,Makeup,1343
lāʻau hamo lehe,lip balm,Study with Amber,Makeup,1346
pena waha,lipstick,Study with Amber,Makeup,1347
palaki peni maka,makeup brush,Study with Amber,Makeup,1348
pena lihilihi maka,mascara,Study with Amber,Makeup,1350
pea,avocado,Study with Amber,More_Vegetables,695
māmalu,umbrella,Study with Amber,Essential_Products,288
palapalaʻāina,map,Study with Amber,Essential_Products,508
palaka,charger,Study with Amber,Essential_Products,629
makaaniani kala,sunglasses,Study with Amber,Essential_Products,724
kikiki kaʻaahi,rail ticket,Study with Amber,Essential_Products,1282
ʻaila pale lā,sunscreen,Study with Amber,Essential_Products,1627
kahua hoʻolulu mokulele,airport,Study with Amber,Staying_Safe,81
hōkele,hotel,Study with Amber,Staying_Safe,141
panakō,bank,Study with Amber,Staying_Safe,241
hale hoʻolulu kaʻaahi,train station,Study with Amber,Staying_Safe,253
hale leka,post office,Study with Amber,Staying_Safe,309
kauka,doctor,Study with Amber,Staying_Safe,525
ma ʻaneʻi,here,Study with Amber,Meet_the_Locals,650
ma laila,there,Study with Amber,Meet_the_Locals,660
ʻae,yes,Travel Talk,Essentials_01_-_Daytripper,1
ʻaʻole,no,Travel Talk,Essentials_01_-_Daytripper,2
Aloha,hi,Travel Talk,Essentials_01_-_Daytripper,4
Mahalo,thank you,Travel Talk,Essentials_01_-_Daytripper,5
ʻoluʻolu,please,Travel Talk,Essentials_01_-_Daytripper,7
lua,toilet,Travel Talk,Essentials_01_-_Daytripper,390
hale ʻaina,restaurant,Travel Talk,Essentials_01_-_Daytripper,412
A hui hou,bye,Travel Talk,Essentials_02_-_Sightseer,6
mīkini panakō,ATM machine,Travel Talk,Essentials_02_-_Sightseer,201
ʻea kāki,credit card,Travel Talk,Essentials_02_-_Sightseer,205
haukapila,hospital,Travel Talk,Essentials_02_-_Sightseer,310
ʻekahi,one,Travel Talk,Essentials_03_-_Nomad,42
ʻelua,two,Travel Talk,Essentials_03_-_Nomad,43
ʻekolu,three,Travel Talk,Essentials_03_-_Nomad,44
ʻehā,four,Travel Talk,Essentials_03_-_Nomad,45
ʻelima,five,Travel Talk,Essentials_03_-_Nomad,46
ʻeono,six,Travel Talk,Essentials_03_-_Nomad,47
ʻehiku,seven,Travel Talk,Essentials_03_-_Nomad,48
ʻewalu,eight,Travel Talk,Essentials_03_-_Nomad,49
ʻeiwa,nine,Travel Talk,Essentials_03_-_Nomad,50
ʻumi,ten,Travel Talk,Essentials_03_-_Nomad,51
iwakālua,twenty,Travel Talk,Essentials_04_-_Globetrotter,54
haneli,hundred,Travel Talk,Essentials_04_-_Globetrotter,55
hema,left,Travel Talk,Essentials_04_-_Globetrotter,654
ʻākau,right,Travel Talk,Essentials_04_-_Globetrotter,656
hele pololei,straight ahead,Travel Talk,Essentials_04_-_Globetrotter,658
kanahā,forty,Travel Talk,Essentials_04_-_Globetrotter,665
kanakolu,thirty,Travel Talk,Essentials_04_-_Globetrotter,674
kaukani,thousand,Travel Talk,Essentials_04_-_Globetrotter,675
māmalu,umbrella,Travel Talk,Essential_Products,288
palapalaʻāina,map,Travel Talk,Essential_Products,508
palaka,charger,Travel Talk,Essential_Products,629
makaaniani kala,sunglasses,Travel Talk,Essential_Products,724
kikiki kaʻaahi,rail ticket,Travel Talk,Essential_Products,1282
ʻaila pale lā,sunscreen,Travel Talk,Essential_Products,1627
kahua hoʻolulu mokulele,airport,Travel Talk,Staying_Safe,81
hōkele,hotel,Travel Talk,Staying_Safe,141
panakō,bank,Travel Talk,Staying_Safe,241
hale hoʻolulu kaʻaahi,train station,Travel Talk,Staying_Safe,253
hale leka,post office,Travel Talk,Staying_Safe,309
kauka,doctor,Travel Talk,Staying_Safe,525
ma ʻaneʻi,here,Travel Talk,Meet_the_Locals,650
ma laila,there,Travel Talk,Meet_the_Locals,660
wahi kāʻili ukana,baggage claim,Travel Talk,At_the_Airport,95
ʻae,yes,Foundation,Essentials,1
ʻaʻole,no,Foundation,Essentials,2
hiki,ok,Foundation,Essentials,3
Aloha,hi,Foundation,Essentials,4
Mahalo,thank you,Foundation,Essentials,5
A hui hou,bye,Foundation,Essentials,6
ʻoluʻolu,please,Foundation,Essentials,7
Au,I,Foundation,Essentials,9
a me,and,Foundation,Essentials,16
a i ʻole,or,Foundation,Essentials,17
kēia,this,Foundation,Essentials,18
ʻOle,zero,Foundation,Numbers,41
ʻekahi,one,Foundation,Numbers,42
ʻelua,two,Foundation,Numbers,43
ʻekolu,three,Foundation,Numbers,44
ʻehā,four,Foundation,Numbers,45
ʻelima,five,Foundation,Numbers,46
ʻeono,six,Foundation,Numbers,47
ʻehiku,seven,Foundation,Numbers,48
ʻewalu,eight,Foundation,Numbers,49
ʻeiwa,nine,Foundation,Numbers,50
ʻumi,ten,Foundation,Numbers,51
ʻumi kūmākahi,eleven,Foundation,Numbers,52
ʻumi kūmālua,twelve,Foundation,Numbers,53
iwakālua,twenty,Foundation,Numbers,54
haneli,hundred,Foundation,Numbers,55
noʻonoʻo au,I think,Foundation,Numbers,56
helu au,I count,Foundation,Numbers,58
ʻohu,fog,Foundation,Weather,281
ua,rain,Foundation,Weather,282
hau kea,snow,Foundation,Weather,283
lā,sun,Foundation,Weather,284
makani,wind,Foundation,Weather,287
māmalu,umbrella,Foundation,Weather,288
kuka ua,raincoat,Foundation,Weather,289
kēhaupa'a,ice,Foundation,Weather,294
ʻino,storm,Foundation,Weather,295
ʻeleʻele,black,Foundation,Colors,559
polū,blue,Foundation,Colors,560
mākuʻe,brown,Foundation,Colors,561
wai kula,gold,Foundation,Colors,563
ʻōmaʻomaʻo,green,Foundation,Colors,564
ʻāhinahina,gray,Foundation,Colors,565
ʻalani,orange,Foundation,Colors,568
ʻākala,pink,Foundation,Colors,569
poni,purple,Foundation,Colors,570
ānuenue,rainbow,Foundation,Colors,571
ʻula,red,Foundation,Colors,572
waikālā,silver,Foundation,Colors,573
keʻokeʻo,white,Foundation,Colors,574
melemele,yellow,Foundation,Colors,575
ʻo ia,he,Foundation,Pronouns,611
kona,her,Foundation,Pronouns,612
kona,his,Foundation,Pronouns,613
ia,it,Foundation,Pronouns,617
ia,its,Foundation,Pronouns,618
koʻu,my,Foundation,Pronouns,619
ʻo ia,she,Foundation,Pronouns,621
kō lāua,their,Foundation,Pronouns,622
lāua,they,Foundation,Pronouns,623
kāua,we,Foundation,Pronouns,624
ʻoe,you,Foundation,Pronouns,625
kou,your,Foundation,Pronouns,626
ʻumi kūmākahi,eleven,Foundation,More_Numbers,52
ʻumi kūmālua,twelve,Foundation,More_Numbers,53
iwakālua,twenty,Foundation,More_Numbers,54
haneli,hundred,Foundation,More_Numbers,55
kanawalu,eighty,Foundation,More_Numbers,661
kanalima,fifty,Foundation,More_Numbers,663
kanahā,forty,Foundation,More_Numbers,665
miliona,million,Foundation,More_Numbers,667
kanaiwa,ninety,Foundation,More_Numbers,668
kanahiku,seventy,Foundation,More_Numbers,670
kanaono,sixty,Foundation,More_Numbers,672
kanakolu,thirty,Foundation,More_Numbers,674
kaukani,thousand,Foundation,More_Numbers,675
ʻAukekulelia,Australia,Foundation,Countries,746
Palakila,Brazil,Foundation,Countries,747
Kanakā,Canada,Foundation,Countries,748
ʻĀina Pākē,China,Foundation,Countries,749
Palani,France,Foundation,Countries,751
Kelemānia,Germany,Foundation,Countries,752
Pelekane Nui,Great Britain,Foundation,Countries,753
Iāpana,Japan,Foundation,Countries,755
Lukia,Russia,Foundation,Countries,758
Sepania,Spain,Foundation,Countries,759
ʻAmelika Hui Pū ʻia,the United States of America,Foundation,Countries,762
ʻAmelika,American,Foundation,Nationalities,916
ʻAukekulelia,Australian,Foundation,Nationalities,917
Barazila,Brazilian,Foundation,Nationalities,918
Pelekania,British,Foundation,Nationalities,919
Kanakā,Canadian,Foundation,Nationalities,920
Pākē,Chinese,Foundation,Nationalities,921
Palani,French,Foundation,Nationalities,924
Kelemānia,German,Foundation,Nationalities,925
Kepanī,Japanese,Foundation,Nationalities,927
Lukia,Russian,Foundation,Nationalities,930
Kepania,Spanish,Foundation,Nationalities,931
piʻo,arch,Foundation,Shapes,1154
apo,circle,Foundation,Shapes,1155
puʻu,cone,Foundation,Shapes,1156
paʻaʻili ono,cube,Foundation,Shapes,1157
paukū ʻolokaʻa,cylinder,Foundation,Shapes,1158
huinawalu,octagon,Foundation,Shapes,1160
ʻololaha,oval,Foundation,Shapes,1161
huinalima,pentagon,Foundation,Shapes,1162
pelamika,pyramid,Foundation,Shapes,1163
huinahā loa,rectangle,Foundation,Shapes,1164
huinaono,hexagon,Foundation,Shapes,1165
komo,ring,Foundation,Shapes,1166
poepoe,sphere,Foundation,Shapes,1167
huinahā kaulike,square,Foundation,Shapes,1168
huinakolu,triangle,Foundation,Shapes,1169
unu,wedge,Foundation,Shapes,1170
Pinilana,Finnish,Foundation,More_Nationalities,923
Ikalia,Italian,Foundation,More_Nationalities,926
Mekiko,Mexican,Foundation,More_Nationalities,928
Nolewai,Norwegian,Foundation,More_Nationalities,929
Pinilana,Finland,Foundation,More_Countries,750
Ikalia,Italy,Foundation,More_Countries,754
Mekiko,Mexico,Foundation,More_Countries,756
Nolewai,Norway,Foundation,More_Countries,757
lei,flower necklace,Foundation,Local_Hawaiian_Words,5067
shaka,Hawaiian hand gesture,Foundation,Local_Hawaiian_Words,5068
poke,raw fish dish,Foundation,Local_Hawaiian_Words,5069
poi,mashed taro root,Foundation,Local_Hawaiian_Words,5070
Honolulu,Honolulu city,Foundation,Local_Hawaiian_Words,5071
puaʻa kālua,pulled pork,Foundation,Local_Hawaiian_Words,5072
ʻukulele,ukulele,Foundation,Local_Hawaiian_Words,5073
Kīlauea,Kilauea volcano,Foundation,Local_Hawaiian_Words,5075
Mauna Loa,Mauna Loa volcano,Foundation,Local_Hawaiian_Words,5076
Punaluʻu,black sand beach,Foundation,Local_Hawaiian_Words,5077
lūʻau,Hawaiian party,Foundation,Local_Hawaiian_Words,5078
Kāne,Hawaiian deity,Foundation,Local_Hawaiian_Words,5079
honu,green turtle,Foundation,Local_Hawaiian_Words,5080
pua ma‘o hau hele,yellow hibiscus,Foundation,Local_Hawaiian_Words,5081
kukui,candlenut tree,Foundation,Local_Hawaiian_Words,5082
pūpū,tiny seashells,Foundation,Local_Hawaiian_Words,5083
pahu,Hawaiian drum,Foundation,Local_Hawaiian_Words,5084
Imu,underground oven,Foundation,Local_Hawaiian_Words,5085
humuhumunukunukuāpuaʻa,Hawaiian state fish,Foundation,Local_Hawaiian_Words,5086
ʻumi kūmākahi,eleven,Foundation,Counting,52
ʻumi kūmālua,twelve,Foundation,Counting,53
kanawalu,eighty,Foundation,Counting,661
kanalima,fifty,Foundation,Counting,663
kanaiwa,ninety,Foundation,Counting,668
kanahiku,seventy,Foundation,Counting,670
kanaono,sixty,Foundation,Counting,672
pou kuhi ʻaoʻao,direction post,Nature & Animals,Outdoor,1684
ʻaukā mea ʻai,energy bar,Nature & Animals,Outdoor,1685
noho ʻopiʻopi,folding chair,Nature & Animals,Outdoor,1686
kukui poʻo,headlamp,Nature & Animals,Outdoor,1688
hoe waʻa kaiaka,kayaking,Nature & Animals,Outdoor,1690
mea hōʻaʻā,lighter,Nature & Animals,Outdoor,1691
kamaʻa hau,snowshoes,Nature & Animals,Outdoor,1695
kāmaʻa puki hekehi,trekking boot,Nature & Animals,Outdoor,1696
lāʻau hekehi,trekking poles,Nature & Animals,Outdoor,1697
Piʻi au,I climb,Nature & Animals,Outdoor,558
manu,bird,Nature & Animals,Animals,780
pōpoki,cat,Nature & Animals,Animals,782
ʻīlio,dog,Nature & Animals,Animals,785
kakā,duck,Nature & Animals,Animals,787
ʻiole liʻiliʻi,mouse,Nature & Animals,Animals,791
manu kū,pigeon,Nature & Animals,Animals,793
lāpaki,rabbit,Nature & Animals,Animals,794
ʻelepane,elephant,Nature & Animals,Animals,1195
keko,monkey,Nature & Animals,Animals,1197
hānai au,I feed,Nature & Animals,Animals,790
ʻohe,bamboo,Nature & Animals,Plants,933
lālā,branch,Nature & Animals,Plants,934
pānini,cactus,Nature & Animals,Plants,935
mauʻu,grass,Nature & Animals,Plants,937
lau,leaf,Nature & Animals,Plants,939
paukū kumulāʻau,log,Nature & Animals,Plants,940
pāma,palm tree,Nature & Animals,Plants,941
lāʻau paina,pine tree,Nature & Animals,Plants,942
lāʻau,stick,Nature & Animals,Plants,947
kumulāʻau,tree,Nature & Animals,Plants,948
lāʻau,wood,Nature & Animals,Plants,949
ʻōpeʻapeʻa,bat,Nature & Animals,Wild_Animals,1189
pea,bear,Nature & Animals,Wild_Animals,1190
kāmelo,camel,Nature & Animals,Wild_Animals,1193
poloka,frog,Nature & Animals,Wild_Animals,1196
ʻiole,rat,Nature & Animals,Wild_Animals,1198
nahesa,snake,Nature & Animals,Wild_Animals,1201
honu,turtle,Nature & Animals,Wild_Animals,1203
ʻīlio hae,wolf,Nature & Animals,Wild_Animals,1204
pāpulō,buffalo,Nature & Animals,Wild_Animals,1545
kameleona,chameleon,Nature & Animals,Wild_Animals,1546
kopola,cobra,Nature & Animals,Wild_Animals,1547
kelokokile,crocodile,Nature & Animals,More_Wild_Animals,1548
nalala,dinosaur,Nature & Animals,More_Wild_Animals,1549
moʻo ʻalā,gecko,Nature & Animals,More_Wild_Animals,1550
kilape,giraffe,Nature & Animals,More_Wild_Animals,1551
kolila,gorilla,Nature & Animals,More_Wild_Animals,1552
ʻikuana,iguana,Nature & Animals,More_Wild_Animals,1555
kanakalū,kangaroo,Nature & Animals,More_Wild_Animals,1556
moʻo,lizard,Nature & Animals,More_Wild_Animals,1557
paneka,panther,Nature & Animals,More_Wild_Animals,1558
laehaokela,rhino,Nature & Animals,More_Wild_Animals,1559
kika,tiger,Nature & Animals,More_Wild_Animals,1560
kepela,zebra,Nature & Animals,More_Wild_Animals,1561
pāluna ea,balloons,Nature & Animals,Air,1596
ʻeke ea kaʻa,airbag,Nature & Animals,Air,1597
omoāea,evaporation,Nature & Animals,Air,1598
hoʻupuka ea,exhaust fume,Nature & Animals,Air,1599
pūnuku ea make,gas mask,Nature & Animals,Air,1601
pāluna ea wela,hot air balloon,Nature & Animals,Air,1602
pepa lahilahi,tissue,Nature & Animals,Air,1606
haʻupoho,parachute,Nature & Animals,Air,1607
pauma,pump,Nature & Animals,Air,1609
puka,puncture,Nature & Animals,Air,1610
mokulele,airship,Nature & Animals,Air,1612
kinipōpō kai,beach ball,Nature & Animals,Beach,1613
kāwele kai,beach towel,Nature & Animals,Beach,1614
pahu kula,cooler,Nature & Animals,Beach,1616
lakeke lana,life jacket,Nature & Animals,Beach,1619
kiaʻi ola,lifeguard,Nature & Animals,Beach,1620
māmalu,parasol,Nature & Animals,Beach,1621
pahu one nui,sandbox,Nature & Animals,Beach,1622
paheʻe,slide,Nature & Animals,Beach,1623
paipu hanu,snorkel,Nature & Animals,Beach,1624
noho kahakai,sun chair,Nature & Animals,Beach,1625
ʻōlala,sunbathing,Nature & Animals,Beach,1626
ʻaila pale lā,sunscreen,Nature & Animals,Beach,1627
papa heʻe nalu,surfboard,Nature & Animals,Beach,1628
paiō,swing,Nature & Animals,Beach,1629
heʻe ia,it slides,Nature & Animals,Beach,1618
hale manu,birdhouse,Nature & Animals,Birds,1647
manu colibri,hummingbird,Nature & Animals,Birds,1648
ʻalalā,crow,Nature & Animals,Birds,1649
palekona,falcon,Nature & Animals,Birds,1650
ʻakolika,ostrich,Nature & Animals,Birds,1653
pueo,owl,Nature & Animals,Birds,1654
manu aloha,parrot,Nature & Animals,Birds,1655
pelikana,pelican,Nature & Animals,Birds,1656
manu-hele-kū,penguin,Nature & Animals,Birds,1657
manu palamiko,flamingo,Nature & Animals,Birds,1660
manu ʻioʻio,swallow,Nature & Animals,Birds,1661
nokekula,swan,Nature & Animals,Birds,1662
ʻaeko,eagle,Nature & Animals,Birds,1663
naonao,ant,Nature & Animals,Insects,1188
meli,bee,Nature & Animals,Insects,1191
pulelehua,butterfly,Nature & Animals,Insects,1192
ʻelelū,cockroach,Nature & Animals,Insects,1194
nananana,spider,Nature & Animals,Insects,1202
kanaka meli,beekeeper,Nature & Animals,Insects,1749
puʻu,beetle,Nature & Animals,Insects,1750
peʻelua,caterpillar,Nature & Animals,Insects,1751
pinao,dragonfly,Nature & Animals,Insects,1752
puʻu ahi,firebug,Nature & Animals,Insects,1753
ʻuku,flea,Nature & Animals,Insects,1754
hale hōʻikeʻike iʻa,aquarium,Nature & Animals,Pets,1800
pene manu,birdcage,Nature & Animals,Pets,1801
moe pōpoki,cat bed,Nature & Animals,Pets,1803
pene halihali,pet carrier,Nature & Animals,Pets,1804
mea ʻai pōpoki,cat food,Nature & Animals,Pets,1805
palapala hoʻāpono hānai ā huhu,pet passport,Nature & Animals,Pets,1807
apo ʻāʻīʻīlio,dog collar,Nature & Animals,Pets,1808
mea ʻai ʻīlio,dog food,Nature & Animals,Pets,1809
hale ʻīlio,dog house,Nature & Animals,Pets,1810
ʻeke kūkai ʻīlio,dog poop bag,Nature & Animals,Pets,1811
iʻa ʻulaʻula,goldfish,Nature & Animals,Pets,1812
mekala hānai ā huhu,identification tag,Nature & Animals,Pets,1815
kaula paʻa lima,leash,Nature & Animals,Pets,1816
hamo au,I caress,Nature & Animals,Pets,1802
hoʻohele au i ka ʻīlio,I walk the dog,Nature & Animals,Pets,1814
manō,shark,Nature & Animals,Sea_Life,1199
heleuma,anchor,Nature & Animals,Sea_Life,1834
papaʻi,crab,Nature & Animals,Sea_Life,1835
naiʻa,dolphin,Nature & Animals,Sea_Life,1836
pololia,jellyfish,Nature & Animals,Sea_Life,1837
ula,lobster,Nature & Animals,Sea_Life,1838
wahine hiʻu iʻa,mermaid,Nature & Animals,Sea_Life,1839
heʻe,octopus,Nature & Animals,Sea_Life,1840
hoe,paddles,Nature & Animals,Sea_Life,1841
hīhīmanu,ray,Nature & Animals,Sea_Life,1842
moʻo lio,seahorse,Nature & Animals,Sea_Life,1843
limu,seaweed,Nature & Animals,Sea_Life,1844
kahua hoʻolulu mokulele,airport,Transportation & Vehicles,Airport,81
mokulele,airplane,Transportation & Vehicles,Airport,82
kāinoa komo,check-in,Transportation & Vehicles,Airport,83
kikiki mokulele,flight ticket,Transportation & Vehicles,Airport,84
anapaona,scale,Transportation & Vehicles,Airport,85
kahi e hele aku ai,destination,Transportation & Vehicles,Airport,86
hōʻea,arrival,Transportation & Vehicles,Airport,88
haʻalele,departure,Transportation & Vehicles,Airport,89
wahine lawelawe,stewardess,Transportation & Vehicles,Airport,90
ʻōhua,passenger,Transportation & Vehicles,Airport,91
pāiki,suitcase,Transportation & Vehicles,Airport,92
wahi kāʻili ukana,baggage claim,Transportation & Vehicles,Airport,95
kikiki,ticket,Transportation & Vehicles,Airport,605
kaʻaahi,train,Transportation & Vehicles,Transport,181
kalaka,truck,Transportation & Vehicles,Transport,183
kaʻa,van,Transportation & Vehicles,Transport,184
kaʻa ʻolokaʻa nui,tram,Transportation & Vehicles,Transport,185
malalo o ka honua,underground,Transportation & Vehicles,Transport,186
mopeka,moped,Transportation & Vehicles,Transport,187
moku,ship,Transportation & Vehicles,Transport,188
mokokaikala,motorcycle,Transportation & Vehicles,Transport,189
helekopa,helicopter,Transportation & Vehicles,Transport,190
kaʻa ʻōhua,bus,Transportation & Vehicles,Transport,191
kaʻa,car,Transportation & Vehicles,Transport,192
paikikala,bike,Transportation & Vehicles,Transport,193
poki,boat,Transportation & Vehicles,Transport,194
paʻa nā kaʻa,traffic jam,Transportation & Vehicles,Transport,195
He Paikikala e holo ana au,I ride a bicycle,Transportation & Vehicles,Transport,196
mopeka,moped,Transportation & Vehicles,Mobility,187
kaʻapēpē,baby carriage,Transportation & Vehicles,Mobility,593
moku halihali,ferry,Transportation & Vehicles,Mobility,594
kaʻa kewe,cable car,Transportation & Vehicles,Mobility,595
alapiʻi lawe ʻōhua,escalator,Transportation & Vehicles,Mobility,597
alahao,railroad,Transportation & Vehicles,Mobility,600
peke,scooter,Transportation & Vehicles,Mobility,601
kaʻakonelo,subway,Transportation & Vehicles,Mobility,603
kaʻa ʻōhua,taxi,Transportation & Vehicles,Mobility,604
noho huila,wheelchair,Transportation & Vehicles,Mobility,609
kaʻaahi pōkā,bullet train,Transportation & Vehicles,Mobility,1274
holoholo moku,cruise,Transportation & Vehicles,Mobility,1275
kanaka holoholo me ka pāiki hāʻawe,backpacker,Transportation & Vehicles,Traveling,1273
puka komo,entry gate,Transportation & Vehicles,Traveling,1276
kanaka hekehi,hiker,Transportation & Vehicles,Traveling,1277
kau wale,hitchhiking,Transportation & Vehicles,Traveling,1278
kikiki kaʻaahi,rail ticket,Transportation & Vehicles,Traveling,1282
kaʻa kaʻaahi,railroad car,Transportation & Vehicles,Traveling,1283
mīkini kikiki,ticket machine,Transportation & Vehicles,Traveling,1285
alakaʻi hoʻomākaʻikaʻi,tour guide,Transportation & Vehicles,Traveling,1286
malihini,tourist,Transportation & Vehicles,Traveling,1287
kaʻapuni,travel,Transportation & Vehicles,Traveling,1288
kolo kaʻa,wagon,Transportation & Vehicles,Traveling,1289
paʻa nā kaʻa,traffic jam,Transportation & Vehicles,Car,195
hale kaʻa,garage,Transportation & Vehicles,Car,596
wahi kūkulu kaʻa,parking lot,Transportation & Vehicles,Car,598
noho ʻōhua,passenger seat,Transportation & Vehicles,Car,599
kuapo ʻōpū,seat belt,Transportation & Vehicles,Car,602
pahu,trunk,Transportation & Vehicles,Car,607
huila,wheel,Transportation & Vehicles,Car,608
alanui,street,Transportation & Vehicles,Car,659
iho kaʻa,car battery,Transportation & Vehicles,Car,1324
ka'a hoʻolimalima,car rental,Transportation & Vehicles,Car,1325
holoi kaʻa,car wash,Transportation & Vehicles,Car,1326
pahu,trunk,Transportation & Vehicles,Car_Parts,607
mea hehi wāwae kakalina,gas pedal,Transportation & Vehicles,Car_Parts,1330
pahu kakalina,gas tank,Transportation & Vehicles,Car_Parts,1331
mea holoi aniani pale makani,windshield wipers,Transportation & Vehicles,Car_Parts,1340
ʻenikini,engine,Transportation & Vehicles,Formula_1,1328
lua,bathroom,Home & Garden,House,481
lumi moe,bedroom,Home & Garden,House,483
lumi ʻai,dining room,Home & Garden,House,485
puka,door,Home & Garden,House,486
hale,house,Home & Garden,House,487
lumi kuke,kitchen,Home & Garden,House,488
māla,garden,Home & Garden,House,490
hoa noho,neighbor,Home & Garden,House,491
keʻena,office,Home & Garden,House,492
ʻoma,oven,Home & Garden,Kitchen,493
pahu hau,refrigerator,Home & Garden,Kitchen,494
papa ʻoki,cutting board,Home & Garden,Kitchen,1002
piula wai,faucet,Home & Garden,Kitchen,1003
pā palai,frying pan,Home & Garden,Kitchen,1004
kīʻaha,glass,Home & Garden,Kitchen,1005
hao manamana,grill,Home & Garden,Kitchen,1006
ʻōmole,jug,Home & Garden,Kitchen,1009
Ipu hao,kettle,Home & Garden,Kitchen,1010
pani,lid,Home & Garden,Kitchen,1011
mīkini holoi pā,dishwasher,Home & Garden,Kitchen,1124
ʻomawawe,microwave,Home & Garden,Kitchen,1232
koʻi,axe,Home & Garden,Tools,1018
nao wili,drill,Home & Garden,Tools,1019
kolū,glue,Home & Garden,Tools,1020
hāmale,hammer,Home & Garden,Tools,1021
alapiʻi,ladder,Home & Garden,Tools,1022
kui,nail,Home & Garden,Tools,1023
pihi,nut,Home & Garden,Tools,1024
ʻūpāʻūmiʻi,pliers,Home & Garden,Tools,1025
kope,rake,Home & Garden,Tools,1026
pahi ʻumiʻumi,razor,Home & Garden,Tools,1027
pahi olo,saw,Home & Garden,Tools,1028
keʻena noho,apartment,Home & Garden,Shelters,1069
hale kahakai,beach house,Home & Garden,Shelters,1070
hale ʻuʻuku,cottage,Home & Garden,Shelters,1071
hale pāumu,farmhouse,Home & Garden,Shelters,1072
pāpū,fortress,Home & Garden,Shelters,1073
hale lana,houseboat,Home & Garden,Shelters,1074
pupupu hale,hut,Home & Garden,Shelters,1075
hale kua,log cabin,Home & Garden,Shelters,1078
hale nunui,mansion,Home & Garden,Shelters,1079
hale lole,tent,Home & Garden,Shelters,1081
kaʻa hale,trailer,Home & Garden,Shelters,1082
hale kau lāʻau,treehouse,Home & Garden,Shelters,1083
ʻawe,backpack,Home & Garden,Containers,1103
palala,barrel,Home & Garden,Containers,1104
pahu,box,Home & Garden,Containers,1105
ʻeke paʻalima,briefcase,Home & Garden,Containers,1106
pākeke,bucket,Home & Garden,Containers,1107
pahu,chest,Home & Garden,Containers,1108
hue,flask,Home & Garden,Containers,1110
mea hoʻokomo pepa,folder,Home & Garden,Containers,1111
ʻekeʻeke paʻa lima,handbag,Home & Garden,Containers,1112
waihona pāiki,locker,Home & Garden,Containers,1114
ʻekeʻeke paʻa lima,purse,Home & Garden,Containers,1116
paiki,suitcase,Home & Garden,Containers,1117
ʻeke pūhaka,fanny pack,Home & Garden,Containers,1119
noho,chair,Home & Garden,Furniture,484
pākaukau,table,Home & Garden,Furniture,495
noho kālele,armchair,Home & Garden,Furniture,1120
haka kau puke,bookshelf,Home & Garden,Furniture,1121
pahu waihona,cabinet,Home & Garden,Furniture,1122
moena weleweka,carpet,Home & Garden,Furniture,1123
noho keʻena,office chair,Home & Garden,Furniture,1129
mea hoʻomahana hale,radiator,Home & Garden,Furniture,1131
hikieʻe,sofa,Home & Garden,Furniture,1132
paia,wall,Home & Garden,Furniture,1133
mīkini holoi,washing machine,Home & Garden,Furniture,1135
ipu hao uila,electric kettle,Home & Garden,Household_Items,1222
mīkini hoʻomaloʻo lauoho,hair dryer,Home & Garden,Household_Items,1224
ʻaiana,iron,Home & Garden,Household_Items,1228
papa ʻaiana,ironing board,Home & Garden,Household_Items,1229
mīkini ʻoki mauʻu,lawnmower,Home & Garden,Household_Items,1230
aniani kukui uila,lightbulb,Home & Garden,Household_Items,1231
kui,needle,Home & Garden,Household_Items,1234
mīkini humuhumu,sewing machine,Home & Garden,Household_Items,1235
ʻaiana lauoho,hair iron,Home & Garden,Household_Items,1236
lopi,thread,Home & Garden,Household_Items,1237
wākiuma,vacuum cleaner,Home & Garden,Household_Items,1238
ʻaʻala kīkina,air freshener,Home & Garden,Toilet,1256
mea hoʻomaʻemaʻe lemu,bidet,Home & Garden,Toilet,1257
mīkini hoʻomaloʻo lima,hand dryer,Home & Garden,Toilet,1258
kāwele lima,hand towel,Home & Garden,Toilet,1259
māhanahana,odor,Home & Garden,Toilet,1263
wahi hoʻopau pilikia,outhouse,Home & Garden,Toilet,1264
palama,plumbing,Home & Garden,Toilet,1265
pāuma lua,plunger,Home & Garden,Toilet,1266
kūkae,poop,Home & Garden,Toilet,1267
honi,smell,Home & Garden,Toilet,1268
palaki lua,toilet brush,Home & Garden,Toilet,1269
pepa hāleu,toilet paper,Home & Garden,Toilet,1270
Kōʻala,barbecue,Home & Garden,In_Case_of_Fire,1392
Ahi,fire,Home & Garden,In_Case_of_Fire,1393
Kāhea pau ahi,fire alarm,Home & Garden,In_Case_of_Fire,1394
pihi kāhea pau ahi,fire alarm button,Home & Garden,In_Case_of_Fire,1395
pukana ahi,fire exit,Home & Garden,In_Case_of_Fire,1396
kini kinai ahi,fire extinguisher,Home & Garden,In_Case_of_Fire,1397
ʻiliwai hoʻopau ahi,fire hose,Home & Garden,In_Case_of_Fire,1398
Piula wai,fire hydrant,Home & Garden,In_Case_of_Fire,1399
wiliwili ahi,fire sprinkler,Home & Garden,In_Case_of_Fire,1400
Ahi ulu lāʻau,forest fire,Home & Garden,In_Case_of_Fire,1401
ahi hale,house fire,Home & Garden,In_Case_of_Fire,1402
Uahi,smoke,Home & Garden,In_Case_of_Fire,1405
kani uahi,smoke detector,Home & Garden,In_Case_of_Fire,1406
Hunaahi,spark,Home & Garden,In_Case_of_Fire,1407
Lama,torch,Home & Garden,In_Case_of_Fire,1408
kinai au,I extinguish,Home & Garden,In_Case_of_Fire,1403
hoʻā ahi au,I light up,Home & Garden,In_Case_of_Fire,1404
pua,flower,Home & Garden,Flowers,936
laulele,dandelion,Home & Garden,Flowers,1734
poho mea kanu,flowerpot,Home & Garden,Flowers,1735
kalo Pākē,lotus,Home & Garden,Flowers,1738
ʻokika,orchid,Home & Garden,Flowers,1739
ʻūpā paʻipaʻi mea kanu,pruner,Home & Garden,Flowers,1741
loke,rose,Home & Garden,Flowers,1742
noho lua,toilet seat,Home & Garden,More_Toilet,1271
mīana,urinal,Home & Garden,More_Toilet,1272
hana māihi,peeler,Home & Garden,More_Kitchen,1012
pā,plate,Home & Garden,More_Kitchen,1013
ipu hao,pot,Home & Garden,More_Kitchen,1014
kini,tin,Home & Garden,More_Kitchen,1015
kahi holoi pā,sink,Home & Garden,More_Kitchen,1016
kapuahi,stove,Home & Garden,More_Kitchen,1017
kui nao,screw,Home & Garden,More_Tools,1029
kolūkalaiwa,screwdriver,Home & Garden,More_Tools,1030
kopalā,shovel,Home & Garden,More_Tools,1031
ʻōʻō,spade,Home & Garden,More_Tools,1032
leki,tape,Home & Garden,More_Tools,1033
pahu mea hana,toolbox,Home & Garden,More_Tools,1034
lauʻala,herbs,Home & Garden,Gardening,938
aʻa,root,Home & Garden,Gardening,943
ʻanoʻano,seed,Home & Garden,Gardening,944
lepo,soil,Home & Garden,Gardening,945
kupu,sprout,Home & Garden,Gardening,946
ʻō,pitchfork,Home & Garden,Gardening,1740
ipu wai,watering pot,Home & Garden,Gardening,1747
huilapalala,wheelbarrow,Home & Garden,Gardening,1748
hōkele,hotel,City & Shops,Hotel,141
kōkua hōkele,accommodation,City & Shops,Hotel,143
pepa kī,key card,City & Shops,Hotel,144
hana lumi,room service,City & Shops,Hotel,145
pahu hao,the safe,City & Shops,Hotel,146
kuāua,shower,City & Shops,Hotel,147
lumi,room,City & Shops,Hotel,148
mīkini hōʻolu ea,air conditioner,City & Shops,Hotel,149
malihini kipa,guest,City & Shops,Hotel,151
kī,key,City & Shops,Hotel,152
ʻeleweka,elevator,City & Shops,Hotel,153
kipa ʻana,reception,City & Shops,Hotel,154
kālā kūʻike,banknote,City & Shops,Shopping,202
kālā paʻa,coin,City & Shops,Shopping,203
kūpona,coupon,City & Shops,Shopping,204
ʻea kāki,credit card,City & Shops,Shopping,205
kālā aupuni,currency,City & Shops,Shopping,206
mea kūʻai mai,customer,City & Shops,Shopping,207
ʻie mākeke,shopping basket,City & Shops,Shopping,208
mea ʻohi kālā,cashier,City & Shops,Shopping,209
ʻeke kālā,wallet,City & Shops,Shopping,210
kālā,dollar,City & Shops,Shopping,211
hale kūʻai,shop,City & Shops,Shopping,214
moni,money,City & Shops,Shopping,215
panakō,bank,City & Shops,City,241
kūna kaʻa ʻōhua,bus stop,City & Shops,City,244
pāka,park,City & Shops,City,251
hale pule nui,cathedral,City & Shops,City,255
hale pule,church,City & Shops,City,301
hale waihona puke,library,City & Shops,City,303
hale hōʻikeʻike,museum,City & Shops,City,305
hale keaka,theater,City & Shops,City,307
hale leka,post office,City & Shops,City,309
haukapila,hospital,City & Shops,City,310
hale mākaʻi,police station,City & Shops,City,312
kula,school,City & Shops,City,314
ʻoihana kinai ahi,fire station,City & Shops,City,837
hale hana,factory,City & Shops,Buildings,304
kiʻenaoʻa,skyscraper,City & Shops,Buildings,306
hale ʻaina,cafe,City & Shops,Buildings,308
hale kāwili lāʻau,pharmacy,City & Shops,Buildings,311
pāka kāniwala,theme park,City & Shops,Buildings,313
hale haʻuki,gym,City & Shops,Buildings,838
hale paʻahao,prison,City & Shops,Buildings,842
hālau kūlanakauhale,town hall,City & Shops,Buildings,845
hale aliʻi,palace,City & Shops,Buildings,1080
wili makani,windmill,City & Shops,Buildings,1085
ma hope,behind,City & Shops,Navigation,644
ma waena,between,City & Shops,Navigation,645
kikowaena,center,City & Shops,Navigation,646
huina,corner,City & Shops,Navigation,647
ʻaoʻao,direction,City & Shops,Navigation,648
mamao,distance,City & Shops,Navigation,649
ma ʻaneʻi,here,City & Shops,Navigation,650
hema,left,City & Shops,Navigation,654
ʻēkoʻa,opposite,City & Shops,Navigation,655
ʻākau,right,City & Shops,Navigation,656
alanui,road,City & Shops,Navigation,657
hele pololei,straight ahead,City & Shops,Navigation,658
ma laila,there,City & Shops,Navigation,660
mīkini panakō,ATM machine,City & Shops,More_City,201
hūlili,bridge,City & Shops,More_City,243
kākela,castle,City & Shops,More_City,245
pā ilina,cemetery,City & Shops,More_City,246
hulahula,disco,City & Shops,More_City,247
ʻaʻehina,crosswalk,City & Shops,More_City,248
huina,crossroad,City & Shops,More_City,249
lole lepo,laundry,City & Shops,More_City,250
kukui hoʻokū,traffic light,City & Shops,More_City,252
hale hoʻolulu kaʻaahi,train station,City & Shops,More_City,253
puaʻi wai,fountain,City & Shops,More_City,254
hale kakalina,gas station,City & Shops,More_City,302
mea ʻako lauoho,barber,City & Shops,Shops,866
hale kūʻai uʻi,beauty salon,City & Shops,Shops,867
hale kūʻai paikikala,bike shop,City & Shops,Shops,868
hale kūʻai puke,book shop,City & Shops,Shops,869
hale kūʻai momona,confectionery,City & Shops,Shops,870
hale kūʻai iʻa,fishmonger,City & Shops,Shops,872
hale kūʻai pua,florist,City & Shops,Shops,873
hale kūʻai lāuʻai me ka huaʻai,greengrocery,City & Shops,Shops,874
wili oho,hairdresser,City & Shops,Shops,875
lako kula,jewelry,City & Shops,Shops,877
kanaka hana kī,key smith,City & Shops,Shops,878
kauka maka,optician,City & Shops,Shops,879
kela lole,tailor,City & Shops,Shops,880
wahi noho,address,City & Shops,Post_Office,899
leka halilele,airmail,City & Shops,Post_Office,900
wahī,envelope,City & Shops,Post_Office,902
leka,letter,City & Shops,Post_Office,903
pahu leka,mailbox,City & Shops,Post_Office,905
pepa poʻoleka,postcard,City & Shops,Post_Office,907
leka makakoho,priority mail,City & Shops,Post_Office,909
leka hoʻihoʻi,returned mail,City & Shops,Post_Office,910
kila,seal,City & Shops,Post_Office,911
mea hoʻouna,sender,City & Shops,Post_Office,912
pūlima,signature,City & Shops,Post_Office,913
poʻoleka,stamp,City & Shops,Post_Office,914
kaupaona,weight,City & Shops,Post_Office,915
Koko,blood,City & Shops,Hospital,1426
Koʻokoʻo kālele,crutch,City & Shops,Hospital,1427
Haʻawina hōʻike,examination,City & Shops,Hospital,1428
pana,heartbeat,City & Shops,Hospital,1429
pila lāʻau,medical bill,City & Shops,Hospital,1433
palapala lāʻau,medical record,City & Shops,Hospital,1434
maʻi,patient,City & Shops,Hospital,1435
hoʻokomo ʻana,patient admission,City & Shops,Hospital,1436
hano kui,syringe,City & Shops,Hospital,1438
ili hoʻolohe puʻuwai,stethoscope,City & Shops,Hospital,1439
moe hoʻolewa,stretcher,City & Shops,Hospital,1440
kauka kaha,surgeon,City & Shops,Hospital,1441
Kunu au,I cough,City & Shops,Hospital,1430
Kali au,I wait,City & Shops,Hospital,1431
hale ipukukui,lighthouse,City & Shops,More_Buildings,1077
hōʻailona alanui,traffic sign,City & Shops,Signs,606
keʻa kaʻaahi,rail crossing,City & Shops,Signs,1281
papa pihi lolo uila,keyboard,Business & Tech,.com,347
lolouila lawelima,laptop,Business & Tech,.com,348
ʻiole,mouse,Business & Tech,.com,349
pūnaewele,network,Business & Tech,.com,350
ʻōlelo huna,password,Business & Tech,.com,351
palaka,plug,Business & Tech,.com,352
mīkini paʻi,printer,Business & Tech,.com,353
papakaumaka,screen,Business & Tech,.com,354
lāʻau USB,USB stick,Business & Tech,.com,355
ʻālapa,athlete,Business & Tech,Jobs,521
kuke,cook,Business & Tech,Jobs,522
kākau nū hou,journalist,Business & Tech,Jobs,523
loio,lawyer,Business & Tech,Jobs,524
kauka,doctor,Business & Tech,Jobs,525
mekanika,mechanic,Business & Tech,Jobs,526
kahuna,priest,Business & Tech,Jobs,527
mea ʻimi naʻauao,scientist,Business & Tech,Jobs,528
kākau ʻōlelo,secretary,Business & Tech,Jobs,529
kumu,teacher,Business & Tech,Jobs,530
kanaka hana keʻena,office worker,Business & Tech,Jobs,531
ʻupu,attachment,Business & Tech,Computers,627
kaula uea,cable,Business & Tech,Computers,628
palaka,charger,Business & Tech,Computers,629
pahu hoʻokele,controller,Business & Tech,Computers,630
hoʻoili,download,Business & Tech,Computers,631
pihi lohe,earphones,Business & Tech,Computers,632
pūnaewele puni honua,internet,Business & Tech,Computers,635
pona,socket,Business & Tech,Computers,639
hana luna,upload,Business & Tech,Computers,641
pepa uila,website,Business & Tech,Computers,642
pūnaewele puni honua,Wi-Fi,Business & Tech,Computers,643
mea hoʻokani pila,musician,Business & Tech,More_Jobs,532
kanaka papa kuhikuhi,programmer,Business & Tech,More_Jobs,533
haumāna,student,Business & Tech,More_Jobs,534
kuene,waiter,Business & Tech,More_Jobs,535
kaha kiʻi hale,architect,Business & Tech,More_Jobs,968
kuʻi hao,blacksmith,Business & Tech,More_Jobs,969
mekanika,car mechanic,Business & Tech,More_Jobs,970
kamanā,carpenter,Business & Tech,More_Jobs,971
kemika,chemist,Business & Tech,More_Jobs,972
kanaka kinai ahi,firefighter,Business & Tech,More_Jobs,973
kākoʻo mea kūʻai mai,customer support,Business & Tech,Business,1307
poʻe hana,employees,Business & Tech,Business,1308
pāʻoihana,entrepreneur,Business & Tech,Business,1309
haku nui,manager,Business & Tech,Business,1312
hālāwai,meeting,Business & Tech,Business,1313
hui,organization,Business & Tech,Business,1314
loaʻa,profit,Business & Tech,Business,1316
hoʻopiʻi,promotion,Business & Tech,Business,1317
hoʻonui kālā,raise,Business & Tech,Business,1318
uku hana,salary,Business & Tech,Business,1319
hale holoholona,barn,Business & Tech,Agriculture,1579
hui pū,combine,Business & Tech,Agriculture,1580
mahi ʻai,farm,Business & Tech,Agriculture,1581
mahi ʻai,farmer,Business & Tech,Agriculture,1582
hale hoʻoulu mea kanu,greenhouse,Business & Tech,Agriculture,1583
māla lāʻau huaʻai,orchard,Business & Tech,Agriculture,1586
kula,pasture,Business & Tech,Agriculture,1587
lāʻau make haipilikia,pesticides,Business & Tech,Agriculture,1588
koʻi,pick axe,Business & Tech,Agriculture,1589
ʻōʻō hao,plow,Business & Tech,Agriculture,1590
māla,plow field,Business & Tech,Agriculture,1591
kiʻi hoʻoweliweli,scarecrow,Business & Tech,Agriculture,1592
pūʻā mauʻu maloʻo,straw bale,Business & Tech,Agriculture,1593
kaʻa kauō,tractor,Business & Tech,Agriculture,1594
wai pahu nui loa,water tank,Business & Tech,Agriculture,1595
pahu hoʻolele mele,music player,Business & Tech,More_Computers,636
mīkini hoʻoili kiʻi,scanner,Business & Tech,More_Computers,637
mīkini kelepaʻi,fax machine,Business & Tech,Workspace,1310
hāʻawiʻana,presentation,Business & Tech,Workspace,1315
hana hola,work hours,Business & Tech,Workspace,1323
lole ū,bra,Fashion & Clothing,Clothes,443
kuka,coat,Fashion & Clothing,Clothes,444
ʻaʻahu,dress,Fashion & Clothing,Clothes,445
kākini,socks,Fashion & Clothing,Clothes,448
palemaʻi,underwear,Fashion & Clothing,Clothes,449
lole wāwae pōkole,shorts,Fashion & Clothing,Clothes,450
pālule,shirt,Fashion & Clothing,Clothes,452
palaʻili,t-shirt,Fashion & Clothing,Clothes,454
lole wāwae,trousers,Fashion & Clothing,Clothes,455
lakeke,jacket,Fashion & Clothing,Clothes,714
palemaʻi,panties,Fashion & Clothing,Clothes,716
palekoki,skirt,Fashion & Clothing,More_Clothes,720
kākini,tights,Fashion & Clothing,More_Clothes,722
paʻa lole,suit,Fashion & Clothing,More_Clothes,723
paleʻaʻahu,underpants,Fashion & Clothing,More_Clothes,726
Pāpale wīwī,bandana,Fashion & Clothing,Headwear,1409
pāpale paniolo,cowboy hat,Fashion & Clothing,Headwear,1412
Pāpale pepeao,earmuffs,Fashion & Clothing,Headwear,1413
pāpale pālahalaha,flat hat,Fashion & Clothing,Headwear,1414
pāpale,fullcap,Fashion & Clothing,Headwear,1415
Pāpale paʻa,hard hat,Fashion & Clothing,Headwear,1417
pāpale ʻau,swimming cap,Fashion & Clothing,Headwear,1421
makaaniani luʻu kai,swimming goggles,Fashion & Clothing,Headwear,1422
Pāpale nui,tophat,Fashion & Clothing,Headwear,1423
Kāʻei poʻo,turban,Fashion & Clothing,Headwear,1424
Lala,visor,Fashion & Clothing,Headwear,1425
makaaniani,glasses,Fashion & Clothing,Jewelry_&_Accessories,446
mikini lima,gloves,Fashion & Clothing,Jewelry_&_Accessories,447
leiʻāʻī,scarf,Fashion & Clothing,Jewelry_&_Accessories,451
kulapepeiao,earrings,Fashion & Clothing,Jewelry_&_Accessories,712
lei,necklace,Fashion & Clothing,Jewelry_&_Accessories,715
makaaniani kala,sunglasses,Fashion & Clothing,Jewelry_&_Accessories,724
uaki pūlima,wristwatch,Fashion & Clothing,Jewelry_&_Accessories,727
kūpeʻe,bracelet,Fashion & Clothing,Jewelry_&_Accessories,1443
pōhaku aʻiaʻi,crystal,Fashion & Clothing,Jewelry_&_Accessories,1445
pihi pūlima,cufflinks,Fashion & Clothing,Jewelry_&_Accessories,1446
kaimana,diamond,Fashion & Clothing,Jewelry_&_Accessories,1447
pōhaku makamae,gemstone,Fashion & Clothing,Jewelry_&_Accessories,1448
mekala,medal,Fashion & Clothing,Jewelry_&_Accessories,1453
momi,pearl,Fashion & Clothing,Jewelry_&_Accessories,1454
pahuna,piercing,Fashion & Clothing,Jewelry_&_Accessories,1455
uaki pākeke,pocket watch,Fashion & Clothing,Jewelry_&_Accessories,1456
pena maka,makeup,Fashion & Clothing,Makeup,383
lihilihi maka kuʻi,eyelash,Fashion & Clothing,Makeup,1343
lāʻau hamo lehe,lip balm,Fashion & Clothing,Makeup,1346
pena waha,lipstick,Fashion & Clothing,Makeup,1347
palaki peni maka,makeup brush,Fashion & Clothing,Makeup,1348
pena lihilihi maka,mascara,Fashion & Clothing,Makeup,1350
apo poʻo,hair band,Fashion & Clothing,Even_More_Clothes,1416
kāmaʻa puki,boots,Fashion & Clothing,Shoes_&_More,442
kākini,socks,Fashion & Clothing,Shoes_&_More,448
kāmaʻa,shoe,Fashion & Clothing,Shoes_&_More,453
kāmaʻa pale wāwae,sandals,Fashion & Clothing,Shoes_&_More,719
kalipa,slippers,Fashion & Clothing,Shoes_&_More,721
kākini,tights,Fashion & Clothing,Shoes_&_More,722
hila ʻauliʻi,high heels,Fashion & Clothing,Shoes_&_More,1383
Kāmaʻa lole,sneaker,Fashion & Clothing,Shoes_&_More,1390
kamaʻa hau,snowshoes,Fashion & Clothing,Shoes_&_More,1695
kāmaʻa puki hekehi,trekking boot,Fashion & Clothing,Shoes_&_More,1696
pepa hahau,cards,Fun & Recreation,Fun,401
kiʻi ʻoniʻoni,cinema,Fun & Recreation,Fun,403
aha mele,concert,Fun & Recreation,Fun,404
hōʻikeʻike,exhibition,Fun & Recreation,Fun,405
nūpepa,newspaper,Fun & Recreation,Fun,406
pāʻina,party,Fun & Recreation,Fun,407
hoʻokūkū,match,Fun & Recreation,Fun,409
keaka,chat,Fun & Recreation,Fun,410
mea pāʻani wikiō,video games,Fun & Recreation,Fun,411
hale ʻaina,restaurant,Fun & Recreation,Fun,412
mākaʻikaʻi,sightseeing,Fun & Recreation,Fun,414
hulahula,dance,Fun & Recreation,Fun,415
paʻipaʻi lima,applause,Fun & Recreation,Music,1052
anaina,audience,Fun & Recreation,Music,1053
papa hīmeni,choir,Fun & Recreation,Music,1054
alakaʻi o ka pāna,conductor,Fun & Recreation,Music,1055
wilipā,DJ,Fun & Recreation,Music,1056
pahu,drum,Fun & Recreation,Music,1057
mea hoʻolele leo,microphone,Fun & Recreation,Music,1059
pāleo mele,music album,Fun & Recreation,Music,1060
puʻukani,singer,Fun & Recreation,Music,1063
mele,song,Fun & Recreation,Music,1064
kahua,stage,Fun & Recreation,Music,1065
pele,bell,Fun & Recreation,Festivals,1086
lā hānau,birthday,Fun & Recreation,Festivals,1087
kāniwala,carnival,Fun & Recreation,Festivals,1088
Kalikimaka,Christmas,Fun & Recreation,Festivals,1089
lāʻau Kalikimaka,Christmas tree,Fun & Recreation,Festivals,1090
kao lele,fireworks,Fun & Recreation,Festivals,1091
hoʻolewa,funeral,Fun & Recreation,Festivals,1092
makana,gift,Fun & Recreation,Festivals,1093
Heleuī,Halloween,Fun & Recreation,Festivals,1094
male ʻana,marriage,Fun & Recreation,Festivals,1096
lā makuahine,mother's day,Fun & Recreation,Festivals,1097
Ahiahi Makahiki Hou,New Year's Eve,Fun & Recreation,Festivals,1098
Kanakaloka,Santa Claus,Fun & Recreation,Festivals,1099
kanaka hau,snowman,Fun & Recreation,Festivals,1100
Lā Aloha,Valentine's day,Fun & Recreation,Festivals,1101
male ʻana,wedding,Fun & Recreation,Festivals,1102
kahua hoʻomoana,camp,Fun & Recreation,Camping,541
pākū makika,mosquito net,Fun & Recreation,Camping,542
ʻeke hiamoe,sleeping bag,Fun & Recreation,Camping,548
umu ahi,campfire,Fun & Recreation,Camping,549
ahipele,matches,Fun & Recreation,Camping,554
kapuahi hoʻomoana,camp stove,Fun & Recreation,Camping,1682
kaʻa hale,caravan,Fun & Recreation,Camping,1683
mahamelo,marshmallow,Fun & Recreation,Camping,1692
hoʻomoa ma ke kaupokulani,outdoor cooking,Fun & Recreation,Camping,1693
pākaukau pikiniki,picnic table,Fun & Recreation,Camping,1694
kiwi,antlers,Fun & Recreation,Fishing_and_Hunting,1715
maunu,bait,Fun & Recreation,Fishing_and_Hunting,1716
iwi iʻa,fishbone,Fun & Recreation,Fishing_and_Hunting,1717
moku iʻa,fishing boat,Fun & Recreation,Fishing_and_Hunting,1718
kia,deer,Fun & Recreation,Fishing_and_Hunting,1719
mākoi,fishing rod,Fun & Recreation,Fishing_and_Hunting,1720
kōheoheo,fishing float,Fun & Recreation,Fishing_and_Hunting,1721
makau,hook,Fun & Recreation,Fishing_and_Hunting,1722
kanaka hahai holoholona,hunter,Fun & Recreation,Fishing_and_Hunting,1723
hīpuʻu,knot,Fun & Recreation,Fishing_and_Hunting,1724
wāwae,paw,Fun & Recreation,Fishing_and_Hunting,1725
makalē,sardines,Fun & Recreation,Fishing_and_Hunting,1726
ʻō iʻa,spear fishing,Fun & Recreation,Fishing_and_Hunting,1727
ʻalopeke,fox,Fun & Recreation,Fishing_and_Hunting,1728
māka,target,Fun & Recreation,Fishing_and_Hunting,1729
hōʻailona lanakila hahai holoholona,hunting trophy,Fun & Recreation,Fishing_and_Hunting,1730
hahai holoholona au,I hunt,Fun & Recreation,Fishing_and_Hunting,1731
pūlumi,broom,Fun & Recreation,Magic_and_Fantasy,1767
kalekona,dragon,Fun & Recreation,Magic_and_Fantasy,1768
peke,dwarf,Fun & Recreation,Magic_and_Fantasy,1769
lapu,ghost,Fun & Recreation,Magic_and_Fantasy,1772
koʻo hoʻokalakupua,magic wand,Fun & Recreation,Magic_and_Fantasy,1774
hoʻokalakupua,magician,Fun & Recreation,Magic_and_Fantasy,1775
pahi kākiwi,scythe,Fun & Recreation,Magic_and_Fantasy,1777
hese,witch,Fun & Recreation,Magic_and_Fantasy,1780
kahuna hoʻokalakupua,wizard,Fun & Recreation,Magic_and_Fantasy,1781
palapalaʻāina,map,Science & Wisdom,Geography,508
ala,path,Science & Wisdom,Geography,510
ʻikena,scenery,Science & Wisdom,Geography,512
heheʻe,avalanche,Science & Wisdom,Geography,984
kapikala,capital city,Science & Wisdom,Geography,985
wao one,desert,Science & Wisdom,Geography,987
puʻe one,dunes,Science & Wisdom,Geography,988
poepoe honua,globe,Science & Wisdom,Geography,990
lapa heʻe hau,ski slope,Science & Wisdom,Geography,994
makani kaʻa wiliwili,tornado,Science & Wisdom,Geography,995
ana puka,tunnel,Science & Wisdom,Geography,996
ao,world,Science & Wisdom,Geography,1000
puke,book,Science & Wisdom,School,797
mīkini helu,calculator,Science & Wisdom,School,798
palapala,diploma,Science & Wisdom,School,800
hōʻike,exam,Science & Wisdom,School,802
puka kula,graduation,Science & Wisdom,School,803
haʻi aʻo,lecture,Science & Wisdom,School,805
kāleka hōʻoia haumāna,student id,Science & Wisdom,School,812
heheʻe,avalanche,Science & Wisdom,More_Geography,984
kapikala,capital city,Science & Wisdom,More_Geography,985
pali,cliff,Science & Wisdom,More_Geography,986
wao one,desert,Science & Wisdom,More_Geography,987
puʻe one,dunes,Science & Wisdom,More_Geography,988
wai hālana,flood,Science & Wisdom,More_Geography,989
poepoe honua,globe,Science & Wisdom,More_Geography,990
niolo,peak,Science & Wisdom,More_Geography,991
pōhaku,rock,Science & Wisdom,More_Geography,992
kai,sea,Science & Wisdom,More_Geography,993
lapa heʻe hau,ski slope,Science & Wisdom,More_Geography,994
makani kaʻa wiliwili,tornado,Science & Wisdom,More_Geography,995
ana puka,tunnel,Science & Wisdom,More_Geography,996
lua pele,volcano,Science & Wisdom,More_Geography,997
wailele,waterfall,Science & Wisdom,More_Geography,998
nanu,wave,Science & Wisdom,More_Geography,999
ao,world,Science & Wisdom,More_Geography,1000
mahina,moon,Science & Wisdom,Astronomy,1208
hōkū welowelo,comet,Science & Wisdom,Astronomy,1209
Honua,Earth,Science & Wisdom,Astronomy,1210
wiliau hōkū,galaxy,Science & Wisdom,Astronomy,1213
hōkū hele,planet,Science & Wisdom,Astronomy,1215
lewa,space,Science & Wisdom,Astronomy,1217
ʻohe nānā,telescope,Science & Wisdom,Astronomy,1219
kāʻei hola,time zone,Science & Wisdom,Astronomy,1220
ʻātoma,atom,Science & Wisdom,Biology,1630
koʻohune,bacteria,Science & Wisdom,Biology,1631
hunaola,cell,Science & Wisdom,Biology,1632
hana kemika,chemistry,Science & Wisdom,Biology,1633
ʻōnaehana hoʻoheheʻe meaʻai,digestive system,Science & Wisdom,Biology,1634
omo hoʻokulu,dropper,Science & Wisdom,Biology,1635
ka liliuewe ʻana,evolution,Science & Wisdom,Biology,1636
hoʻāʻo,experiment,Science & Wisdom,Biology,1637
maʻule,faint,Science & Wisdom,Biology,1638
ʻohe nānā,microscope,Science & Wisdom,Biology,1639
lātoma,molecule,Science & Wisdom,Biology,1640
kīpulu,compost,Science & Wisdom,Ecology,1699
kīpulu,composting,Science & Wisdom,Ecology,1700
hoʻoneo ʻāina ululāʻau,deforestation,Science & Wisdom,Ecology,1701
wā maloʻo,drought,Science & Wisdom,Ecology,1702
kalaka hoʻohanini,garbage truck,Science & Wisdom,Ecology,1703
kahua waiho ʻōpala,landfill,Science & Wisdom,Ecology,1707
hanini ka ʻaila,oil spill,Science & Wisdom,Ecology,1710
hōʻuluʻulu,addition,Science & Wisdom,Mathematics,1783
huina,angle,Science & Wisdom,Mathematics,1784
puʻunaue,division,Science & Wisdom,Mathematics,1785
like,equal,Science & Wisdom,Mathematics,1786
haʻihelu,equation,Science & Wisdom,Mathematics,1787
hahaina,function,Science & Wisdom,Mathematics,1788
palena ʻole,infinite,Science & Wisdom,Mathematics,1789
hoʻonui,multiplication,Science & Wisdom,Mathematics,1790
kahaapo,parentheses,Science & Wisdom,Mathematics,1791
pakeneka,percentage,Science & Wisdom,Mathematics,1792
kumu pāhoʻonui lua,root,Science & Wisdom,Mathematics,1793
huinahā kaulike,square,Science & Wisdom,Mathematics,1794
hoʻolawe,subtraction,Science & Wisdom,Mathematics,1795
ʻīlio,dog,Science & Wisdom,Chinese_Zodiac,785
kao,goat,Science & Wisdom,Chinese_Zodiac,788
lio,horse,Science & Wisdom,Chinese_Zodiac,789
puaʻa,pig,Science & Wisdom,Chinese_Zodiac,792
lāpaki,rabbit,Science & Wisdom,Chinese_Zodiac,794
keko,monkey,Science & Wisdom,Chinese_Zodiac,1197
ʻiole,rat,Science & Wisdom,Chinese_Zodiac,1198
nahesa,snake,Science & Wisdom,Chinese_Zodiac,1201
kika,tiger,Science & Wisdom,Chinese_Zodiac,1560
moa kāne,rooster,Science & Wisdom,Chinese_Zodiac,1658
kalekona,dragon,Science & Wisdom,Chinese_Zodiac,1768
pōhili,baseball,Sports & Fitness,Sports,882
pōhīnaʻi,basketball,Sports & Fitness,Sports,883
kuʻikuʻi,boxing,Sports & Fitness,Sports,884
pōpeku,football,Sports & Fitness,Sports,887
pōwāwae,soccer,Sports & Fitness,Sports,894
kenika,tennis,Sports & Fitness,Sports,897
kolepa,golf,Sports & Fitness,Sports,1174
kaʻalehia,gymnastics,Sports & Fitness,Sports,1175
pōpaʻipaʻi,volleyball,Sports & Fitness,Sports,1186
pua pana,arrow,Sports & Fitness,Sports_Equipment,1137
kinipōpō,ball,Sports & Fitness,Sports_Equipment,1138
pana,bow,Sports & Fitness,Sports_Equipment,1139
ʻai peku,goal,Sports & Fitness,Sports_Equipment,1140
paleupoʻo,helmet,Sports & Fitness,Sports_Equipment,1142
ʻupena,net,Sports & Fitness,Sports_Equipment,1144
lāʻau paʻi kinipōpō,racket,Sports & Fitness,Sports_Equipment,1147
papa huila,skateboard,Sports & Fitness,Sports_Equipment,1149
lole ʻauʻau,swimsuit,Sports & Fitness,Sports_Equipment,1153
mū kākela,chess,Sports & Fitness,More_Sports,885
kākā pahi,fencing,Sports & Fitness,More_Sports,886
heihei lio,horse racing,Sports & Fitness,More_Sports,888
kenika manu,badminton,Sports & Fitness,More_Sports,1171
ke kiʻi nei,climbing,Sports & Fitness,More_Sports,1173
pāʻani kinipōpō lima,handball,Sports & Fitness,More_Sports,1176
holo mokokaikala,motorcycling,Sports & Fitness,More_Sports,1180
kenika pākaukau,table tennis,Sports & Fitness,More_Sports,1185
paikikala,bike,Sports & Fitness,Bicycle,193
pele paikikala,bike bell,Sports & Fitness,Bicycle,1664
laka paikikala,bike lock,Sports & Fitness,Bicycle,1666
huila paikikala,bike wheel,Sports & Fitness,Bicycle,1667
peleki paikikala,bike brake,Sports & Fitness,Bicycle,1668
kaula hao paikikala,bike chain,Sports & Fitness,Bicycle,1669
mikilima paikikala,bike gloves,Sports & Fitness,Bicycle,1670
une paikikala,brake lever,Sports & Fitness,Bicycle,1672
lola,cassette,Sports & Fitness,Bicycle,1673
lina kaula hao,chainring,Sports & Fitness,Bicycle,1674
wili,crank,Sports & Fitness,Bicycle,1675
noho paikikala,saddle,Sports & Fitness,Bicycle,1679
kelalani,astronaut,Society & Politics,Leaders,1035
kāpena,captain,Society & Politics,Leaders,1036
kaʻi,coach,Society & Politics,Leaders,1037
poʻo,director,Society & Politics,Leaders,1040
mōʻī,king,Society & Politics,Leaders,1041
naika,knight,Society & Politics,Leaders,1042
haku ʻāina,landlord,Society & Politics,Leaders,1043
keiki aliʻi,prince,Society & Politics,Leaders,1047
kamāliʻi wahine,princess,Society & Politics,Leaders,1048
mōʻī wahine,queen,Society & Politics,Leaders,1049
kipi,rebel,Society & Politics,Leaders,1050
mākaʻi nui,sheriff,Society & Politics,Leaders,1051
kanaka puhi ahi,arsonist,Society & Politics,Crime,1358
ʻaihue paikikala,bike theft,Society & Politics,Crime,1359
uku kīpē,bribe,Society & Politics,Crime,1360
nānaina kalaima,crime scene,Society & Politics,Crime,1363
mākaʻikiu,detective,Society & Politics,Crime,1364
noiʻina,investigation,Society & Politics,Crime,1368
wāwahi au,I break in,Society & Politics,Crime,1366
ʻAihue au,I steal,Society & Politics,Crime,1367
ʻalihikaua,commander,Society & Politics,Politics,1038
poʻo nāna ka mana āpau loa,dictator,Society & Politics,Politics,1039
loea kālaiʻāina,politician,Society & Politics,Politics,1044
pelekikena,president,Society & Politics,Politics,1046
pāloka,ballot,Society & Politics,Politics,1511
ʻākeʻakeʻa,barricade,Society & Politics,Politics,1512
pono ʻole,corruption,Society & Politics,Politics,1513
paio kālaimanaʻo,debate,Society & Politics,Politics,1515
hōʻikeʻike,demonstration,Society & Politics,Politics,1516
kahuli,dethrone,Society & Politics,Politics,1517
ʻaukaʻi,baton,Society & Politics,Prison,1818
meheu manamana lima,fingerprint,Society & Politics,Prison,1820
ʻūpiki lima,handcuffs,Society & Politics,Prison,1822
luna kānāwai,judge,Society & Politics,Prison,1824
kiule,jury,Society & Politics,Prison,1825
kānāwai,law,Society & Politics,Prison,1826
lumi paʻahao,prison cell,Society & Politics,Prison,1828
kiaʻi paʻahao,prison guard,Society & Politics,Prison,1829
paʻahao,prisoner,Society & Politics,Prison,1830
kanaka i makemake ʻia,wanted,Society & Politics,Prison,1833
hoʻoilo,winter,Time & Date,Parts_of_the_Day,290
kauwela,summer,Time & Date,Parts_of_the_Day,291
hāʻulelau,fall,Time & Date,Parts_of_the_Day,292
kupulau,spring,Time & Date,Parts_of_the_Day,293
hau kea,snow,Time & Date,Winter,283
hoʻoilo,winter,Time & Date,Winter,290
kēhaupa'a,ice,Time & Date,Winter,294
heleleʻi ka hau,it snows,Time & Date,Winter,298
lau,leaf,Time & Date,Autumn,939
kīpulu,compost,Climate Awareness,Ecology,1699
kīpulu,composting,Climate Awareness,Ecology,1700
hoʻoneo ʻāina ululāʻau,deforestation,Climate Awareness,Ecology,1701
wā maloʻo,drought,Climate Awareness,Ecology,1702
kalaka hoʻohanini,garbage truck,Climate Awareness,Ecology,1703
kahua waiho ʻōpala,landfill,Climate Awareness,Ecology,1707
hanini ka ʻaila,oil spill,Climate Awareness,Ecology,1710
makani,wind,Climate Awareness,Mother_Nature,287
nanu,wave,Climate Awareness,Mother_Nature,999
palaoa,bread,Welcome To Drops,Welcome_1_-_Food_&_Drink,121
ʻaina kakahiaka,breakfast,Welcome To Drops,Welcome_1_-_Food_&_Drink,122
hua moa,egg,Welcome To Drops,Welcome_1_-_Food_&_Drink,125
ʻō,fork,Welcome To Drops,Welcome_1_-_Food_&_Drink,127
kupa,soup,Welcome To Drops,Welcome_1_-_Food_&_Drink,128
melehune,mushroom,Welcome To Drops,Welcome_1_-_Food_&_Drink,129
pahi,knife,Welcome To Drops,Welcome_1_-_Food_&_Drink,130
kāpiki,cabbage,Welcome To Drops,Welcome_1_-_Food_&_Drink,698
ʻakaʻakai,onion,Welcome To Drops,Welcome_1_-_Food_&_Drink,705
laiki,rice,Welcome To Drops,Welcome_1_-_Food_&_Drink,710
kīʻoʻe,ladle,Welcome To Drops,Welcome_1_-_Food_&_Drink,956
ʻAi au,I eat,Welcome To Drops,Welcome_1_-_Food_&_Drink,136
ʻokiʻoki au,I chop,Welcome To Drops,Welcome_1_-_Food_&_Drink,1007
hoʻāʻo au,I taste,Welcome To Drops,Welcome_1_-_Food_&_Drink,1862
ʻohu,fog,Welcome To Drops,Welcome_2_-_Weather_&_Earth,281
ua,rain,Welcome To Drops,Welcome_2_-_Weather_&_Earth,282
hau kea,snow,Welcome To Drops,Welcome_2_-_Weather_&_Earth,283
lā,sun,Welcome To Drops,Welcome_2_-_Weather_&_Earth,284
ke ʻano o ka manawa,weather forecast,Welcome To Drops,Welcome_2_-_Weather_&_Earth,286
makani,wind,Welcome To Drops,Welcome_2_-_Weather_&_Earth,287
hoʻoilo,winter,Welcome To Drops,Welcome_2_-_Weather_&_Earth,290
kauwela,summer,Welcome To Drops,Welcome_2_-_Weather_&_Earth,291
hāʻulelau,fall,Welcome To Drops,Welcome_2_-_Weather_&_Earth,292
kupulau,spring,Welcome To Drops,Welcome_2_-_Weather_&_Earth,293
ʻino,storm,Welcome To Drops,Welcome_2_-_Weather_&_Earth,295
wā maloʻo,drought,Welcome To Drops,Welcome_2_-_Weather_&_Earth,1702
ipo,girlfriend,Welcome To Drops,Welcome_3_-_Love_&_Emotions,369
ipo,boyfriend,Welcome To Drops,Welcome_3_-_Love_&_Emotions,375
pōniu,dizzy,Welcome To Drops,Welcome_3_-_Love_&_Emotions,385
mālie,calm,Welcome To Drops,Welcome_3_-_Love_&_Emotions,578
hoka,disappointed,Welcome To Drops,Welcome_3_-_Love_&_Emotions,580
puʻuwai hauʻoli,excited,Welcome To Drops,Welcome_3_-_Love_&_Emotions,582
makaʻu,frightened,Welcome To Drops,Welcome_3_-_Love_&_Emotions,583
nāukiuki,grumpy,Welcome To Drops,Welcome_3_-_Love_&_Emotions,584
hauʻoli,happy,Welcome To Drops,Welcome_3_-_Love_&_Emotions,585
aloha,in love,Welcome To Drops,Welcome_3_-_Love_&_Emotions,586
pūʻiwa,surprised,Welcome To Drops,Welcome_3_-_Love_&_Emotions,591
ʻŌlelo au,I speak,Welcome To Drops,Welcome_3_-_Love_&_Emotions,616
wahīʻeha,band-aid,Welcome To Drops,Welcome_4_-_Health_&_Body,382
kunu,cough,Welcome To Drops,Welcome_4_-_Health_&_Body,386
niho huʻi,toothache,Welcome To Drops,Welcome_4_-_Health_&_Body,391
poʻo huaʻi lama,hangover,Welcome To Drops,Welcome_4_-_Health_&_Body,413
kino,body,Welcome To Drops,Welcome_4_-_Health_&_Body,421
lauoho,hair,Welcome To Drops,Welcome_4_-_Health_&_Body,423
helehelena,face,Welcome To Drops,Welcome_4_-_Health_&_Body,424
niho,tooth,Welcome To Drops,Welcome_4_-_Health_&_Body,429
kuʻekuʻe wāwae,ankle,Welcome To Drops,Welcome_4_-_Health_&_Body,814
uluna,arm,Welcome To Drops,Welcome_4_-_Health_&_Body,815
kuʻekuʻe,elbow,Welcome To Drops,Welcome_4_-_Health_&_Body,819
iwikuamoʻo,spine,Welcome To Drops,Welcome_4_-_Health_&_Body,829
luaʻi au,I vomit,Welcome To Drops,Welcome_4_-_Health_&_Body,1646
polū,blue,Welcome To Drops,Welcome_5_-_Shapes_&_Colors,560
wai kula,gold,Welcome To Drops,Welcome_5_-_Shapes_&_Colors,563
ʻāhinahina,gray,Welcome To Drops,Welcome_5_-_Shapes_&_Colors,565
ʻalani,orange,Welcome To Drops,Welcome_5_-_Shapes_&_Colors,568
waikālā,silver,Welcome To Drops,Welcome_5_-_Shapes_&_Colors,573
melemele,yellow,Welcome To Drops,Welcome_5_-_Shapes_&_Colors,575
piʻo,arch,Welcome To Drops,Welcome_5_-_Shapes_&_Colors,1154
apo,circle,Welcome To Drops,Welcome_5_-_Shapes_&_Colors,1155
puʻu,cone,Welcome To Drops,Welcome_5_-_Shapes_&_Colors,1156
paʻaʻili ono,cube,Welcome To Drops,Welcome_5_-_Shapes_&_Colors,1157
huinawalu,octagon,Welcome To Drops,Welcome_5_-_Shapes_&_Colors,1160
huinahā loa,rectangle,Welcome To Drops,Welcome_5_-_Shapes_&_Colors,1164
komo,ring,Welcome To Drops,Welcome_5_-_Shapes_&_Colors,1166
poepoe,sphere,Welcome To Drops,Welcome_5_-_Shapes_&_Colors,1167
huinahā kaulike,square,Welcome To Drops,Welcome_5_-_Shapes_&_Colors,1168
huinakolu,triangle,Welcome To Drops,Welcome_5_-_Shapes_&_Colors,1169
unu,wedge,Welcome To Drops,Welcome_5_-_Shapes_&_Colors,1170
makemake au,I like,Welcome To Drops,Welcome_6_-_Activities,11
hālāwai au,I meet,Welcome To Drops,Welcome_6_-_Activities,13
ʻAʻole makemake,I dislike,Welcome To Drops,Welcome_6_-_Activities,37
Kuke au,I cook,Welcome To Drops,Welcome_6_-_Activities,138
Huki au,I pull,Welcome To Drops,Welcome_6_-_Activities,317
Pahu au,I push,Welcome To Drops,Welcome_6_-_Activities,318
hoʻolauna au,I introduce,Welcome To Drops,Welcome_6_-_Activities,615
ʻŌlelo au,I speak,Welcome To Drops,Welcome_6_-_Activities,616
kāwele wai au,I mop,Welcome To Drops,Welcome_6_-_Activities,1226
hoʻomaʻemaʻe au,I clean,Welcome To Drops,Welcome_6_-_Activities,1345
ʻae,yes,Welcome To Drops,Welcome_7_-_Interacting,1
ʻaʻole,no,Welcome To Drops,Welcome_7_-_Interacting,2
Aloha,hi,Welcome To Drops,Welcome_7_-_Interacting,4
Mahalo,thank you,Welcome To Drops,Welcome_7_-_Interacting,5
A hui hou,bye,Welcome To Drops,Welcome_7_-_Interacting,6
ʻoluʻolu,please,Welcome To Drops,Welcome_7_-_Interacting,7
palaoa,bread,Welcome To Drops,Welcome_1_-_Food_&_Drink,121
ʻaina kakahiaka,breakfast,Welcome To Drops,Welcome_1_-_Food_&_Drink,122
hua moa,egg,Welcome To Drops,Welcome_1_-_Food_&_Drink,125
ʻō,fork,Welcome To Drops,Welcome_1_-_Food_&_Drink,127
kupa,soup,Welcome To Drops,Welcome_1_-_Food_&_Drink,128
melehune,mushroom,Welcome To Drops,Welcome_1_-_Food_&_Drink,129
pahi,knife,Welcome To Drops,Welcome_1_-_Food_&_Drink,130
kāpiki,cabbage,Welcome To Drops,Welcome_1_-_Food_&_Drink,698
ʻakaʻakai,onion,Welcome To Drops,Welcome_1_-_Food_&_Drink,705
laiki,rice,Welcome To Drops,Welcome_1_-_Food_&_Drink,710
kīʻoʻe,ladle,Welcome To Drops,Welcome_1_-_Food_&_Drink,956
ʻAi au,I eat,Welcome To Drops,Welcome_1_-_Food_&_Drink,136
ʻokiʻoki au,I chop,Welcome To Drops,Welcome_1_-_Food_&_Drink,1007
hoʻāʻo au,I taste,Welcome To Drops,Welcome_1_-_Food_&_Drink,1862
ʻohu,fog,Welcome To Drops,Welcome_2_-_Weather_&_Earth,281
ua,rain,Welcome To Drops,Welcome_2_-_Weather_&_Earth,282
hau kea,snow,Welcome To Drops,Welcome_2_-_Weather_&_Earth,283
lā,sun,Welcome To Drops,Welcome_2_-_Weather_&_Earth,284
ke ʻano o ka manawa,weather forecast,Welcome To Drops,Welcome_2_-_Weather_&_Earth,286
makani,wind,Welcome To Drops,Welcome_2_-_Weather_&_Earth,287
hoʻoilo,winter,Welcome To Drops,Welcome_2_-_Weather_&_Earth,290
kauwela,summer,Welcome To Drops,Welcome_2_-_Weather_&_Earth,291
hāʻulelau,fall,Welcome To Drops,Welcome_2_-_Weather_&_Earth,292
kupulau,spring,Welcome To Drops,Welcome_2_-_Weather_&_Earth,293
ʻino,storm,Welcome To Drops,Welcome_2_-_Weather_&_Earth,295
wā maloʻo,drought,Welcome To Drops,Welcome_2_-_Weather_&_Earth,1702
ipo,girlfriend,Welcome To Drops,Welcome_3_-_Love_&_Emotions,369
ipo,boyfriend,Welcome To Drops,Welcome_3_-_Love_&_Emotions,375
pōniu,dizzy,Welcome To Drops,Welcome_3_-_Love_&_Emotions,385
mālie,calm,Welcome To Drops,Welcome_3_-_Love_&_Emotions,578
hoka,disappointed,Welcome To Drops,Welcome_3_-_Love_&_Emotions,580
puʻuwai hauʻoli,excited,Welcome To Drops,Welcome_3_-_Love_&_Emotions,582
makaʻu,frightened,Welcome To Drops,Welcome_3_-_Love_&_Emotions,583
nāukiuki,grumpy,Welcome To Drops,Welcome_3_-_Love_&_Emotions,584
hauʻoli,happy,Welcome To Drops,Welcome_3_-_Love_&_Emotions,585
aloha,in love,Welcome To Drops,Welcome_3_-_Love_&_Emotions,586
pūʻiwa,surprised,Welcome To Drops,Welcome_3_-_Love_&_Emotions,591
ʻŌlelo au,I speak,Welcome To Drops,Welcome_3_-_Love_&_Emotions,616
wahīʻeha,band-aid,Welcome To Drops,Welcome_4_-_Health_&_Body,382
kunu,cough,Welcome To Drops,Welcome_4_-_Health_&_Body,386
niho huʻi,toothache,Welcome To Drops,Welcome_4_-_Health_&_Body,391
poʻo huaʻi lama,hangover,Welcome To Drops,Welcome_4_-_Health_&_Body,413
kino,body,Welcome To Drops,Welcome_4_-_Health_&_Body,421
lauoho,hair,Welcome To Drops,Welcome_4_-_Health_&_Body,423
helehelena,face,Welcome To Drops,Welcome_4_-_Health_&_Body,424
niho,tooth,Welcome To Drops,Welcome_4_-_Health_&_Body,429
kuʻekuʻe wāwae,ankle,Welcome To Drops,Welcome_4_-_Health_&_Body,814
uluna,arm,Welcome To Drops,Welcome_4_-_Health_&_Body,815
kuʻekuʻe,elbow,Welcome To Drops,Welcome_4_-_Health_&_Body,819
iwikuamoʻo,spine,Welcome To Drops,Welcome_4_-_Health_&_Body,829
luaʻi au,I vomit,Welcome To Drops,Welcome_4_-_Health_&_Body,1646
polū,blue,Welcome To Drops,Welcome_5_-_Shapes_&_Colors,560
wai kula,gold,Welcome To Drops,Welcome_5_-_Shapes_&_Colors,563
ʻāhinahina,gray,Welcome To Drops,Welcome_5_-_Shapes_&_Colors,565
ʻalani,orange,Welcome To Drops,Welcome_5_-_Shapes_&_Colors,568
waikālā,silver,Welcome To Drops,Welcome_5_-_Shapes_&_Colors,573
melemele,yellow,Welcome To Drops,Welcome_5_-_Shapes_&_Colors,575
piʻo,arch,Welcome To Drops,Welcome_5_-_Shapes_&_Colors,1154
apo,circle,Welcome To Drops,Welcome_5_-_Shapes_&_Colors,1155
puʻu,cone,Welcome To Drops,Welcome_5_-_Shapes_&_Colors,1156
paʻaʻili ono,cube,Welcome To Drops,Welcome_5_-_Shapes_&_Colors,1157
huinawalu,octagon,Welcome To Drops,Welcome_5_-_Shapes_&_Colors,1160
huinahā loa,rectangle,Welcome To Drops,Welcome_5_-_Shapes_&_Colors,1164
komo,ring,Welcome To Drops,Welcome_5_-_Shapes_&_Colors,1166
poepoe,sphere,Welcome To Drops,Welcome_5_-_Shapes_&_Colors,1167
huinahā kaulike,square,Welcome To Drops,Welcome_5_-_Shapes_&_Colors,1168
huinakolu,triangle,Welcome To Drops,Welcome_5_-_Shapes_&_Colors,1169
unu,wedge,Welcome To Drops,Welcome_5_-_Shapes_&_Colors,1170
makemake au,I like,Welcome To Drops,Welcome_6_-_Activities,11
hālāwai au,I meet,Welcome To Drops,Welcome_6_-_Activities,13
ʻAʻole makemake,I dislike,Welcome To Drops,Welcome_6_-_Activities,37
Kuke au,I cook,Welcome To Drops,Welcome_6_-_Activities,138
Huki au,I pull,Welcome To Drops,Welcome_6_-_Activities,317
Pahu au,I push,Welcome To Drops,Welcome_6_-_Activities,318
hoʻolauna au,I introduce,Welcome To Drops,Welcome_6_-_Activities,615
ʻŌlelo au,I speak,Welcome To Drops,Welcome_6_-_Activities,616
kāwele wai au,I mop,Welcome To Drops,Welcome_6_-_Activities,1226
hoʻomaʻemaʻe au,I clean,Welcome To Drops,Welcome_6_-_Activities,1345
ʻae,yes,Welcome To Drops,Welcome_7_-_Interacting,1
ʻaʻole,no,Welcome To Drops,Welcome_7_-_Interacting,2
Aloha,hi,Welcome To Drops,Welcome_7_-_Interacting,4
Mahalo,thank you,Welcome To Drops,Welcome_7_-_Interacting,5
A hui hou,bye,Welcome To Drops,Welcome_7_-_Interacting,6
ʻoluʻolu,please,Welcome To Drops,Welcome_7_-_Interacting,7
palaoa,bread,Welcome To Drops,Welcome_1_-_Food_&_Drink,121
ʻaina kakahiaka,breakfast,Welcome To Drops,Welcome_1_-_Food_&_Drink,122
hua moa,egg,Welcome To Drops,Welcome_1_-_Food_&_Drink,125
ʻō,fork,Welcome To Drops,Welcome_1_-_Food_&_Drink,127
kupa,soup,Welcome To Drops,Welcome_1_-_Food_&_Drink,128
melehune,mushroom,Welcome To Drops,Welcome_1_-_Food_&_Drink,129
pahi,knife,Welcome To Drops,Welcome_1_-_Food_&_Drink,130
kāpiki,cabbage,Welcome To Drops,Welcome_1_-_Food_&_Drink,698
ʻakaʻakai,onion,Welcome To Drops,Welcome_1_-_Food_&_Drink,705
laiki,rice,Welcome To Drops,Welcome_1_-_Food_&_Drink,710
kīʻoʻe,ladle,Welcome To Drops,Welcome_1_-_Food_&_Drink,956
ʻAi au,I eat,Welcome To Drops,Welcome_1_-_Food_&_Drink,136
ʻokiʻoki au,I chop,Welcome To Drops,Welcome_1_-_Food_&_Drink,1007
hoʻāʻo au,I taste,Welcome To Drops,Welcome_1_-_Food_&_Drink,1862
ʻohu,fog,Welcome To Drops,Welcome_2_-_Weather_&_Earth,281
ua,rain,Welcome To Drops,Welcome_2_-_Weather_&_Earth,282
hau kea,snow,Welcome To Drops,Welcome_2_-_Weather_&_Earth,283
lā,sun,Welcome To Drops,Welcome_2_-_Weather_&_Earth,284
ke ʻano o ka manawa,weather forecast,Welcome To Drops,Welcome_2_-_Weather_&_Earth,286
makani,wind,Welcome To Drops,Welcome_2_-_Weather_&_Earth,287
hoʻoilo,winter,Welcome To Drops,Welcome_2_-_Weather_&_Earth,290
kauwela,summer,Welcome To Drops,Welcome_2_-_Weather_&_Earth,291
hāʻulelau,fall,Welcome To Drops,Welcome_2_-_Weather_&_Earth,292
kupulau,spring,Welcome To Drops,Welcome_2_-_Weather_&_Earth,293
ʻino,storm,Welcome To Drops,Welcome_2_-_Weather_&_Earth,295
wā maloʻo,drought,Welcome To Drops,Welcome_2_-_Weather_&_Earth,1702
ipo,girlfriend,Welcome To Drops,Welcome_3_-_Love_&_Emotions,369
ipo,boyfriend,Welcome To Drops,Welcome_3_-_Love_&_Emotions,375
pōniu,dizzy,Welcome To Drops,Welcome_3_-_Love_&_Emotions,385
mālie,calm,Welcome To Drops,Welcome_3_-_Love_&_Emotions,578
hoka,disappointed,Welcome To Drops,Welcome_3_-_Love_&_Emotions,580
puʻuwai hauʻoli,excited,Welcome To Drops,Welcome_3_-_Love_&_Emotions,582
makaʻu,frightened,Welcome To Drops,Welcome_3_-_Love_&_Emotions,583
nāukiuki,grumpy,Welcome To Drops,Welcome_3_-_Love_&_Emotions,584
hauʻoli,happy,Welcome To Drops,Welcome_3_-_Love_&_Emotions,585
aloha,in love,Welcome To Drops,Welcome_3_-_Love_&_Emotions,586
pūʻiwa,surprised,Welcome To Drops,Welcome_3_-_Love_&_Emotions,591
ʻŌlelo au,I speak,Welcome To Drops,Welcome_3_-_Love_&_Emotions,616
palaoa,bread,Welcome To Drops,Welcome_1_-_Food_&_Drink,121
ʻaina kakahiaka,breakfast,Welcome To Drops,Welcome_1_-_Food_&_Drink,122
hua moa,egg,Welcome To Drops,Welcome_1_-_Food_&_Drink,125
ʻō,fork,Welcome To Drops,Welcome_1_-_Food_&_Drink,127
kupa,soup,Welcome To Drops,Welcome_1_-_Food_&_Drink,128
melehune,mushroom,Welcome To Drops,Welcome_1_-_Food_&_Drink,129
pahi,knife,Welcome To Drops,Welcome_1_-_Food_&_Drink,130
kāpiki,cabbage,Welcome To Drops,Welcome_1_-_Food_&_Drink,698
ʻakaʻakai,onion,Welcome To Drops,Welcome_1_-_Food_&_Drink,705
laiki,rice,Welcome To Drops,Welcome_1_-_Food_&_Drink,710
kīʻoʻe,ladle,Welcome To Drops,Welcome_1_-_Food_&_Drink,956
ʻAi au,I eat,Welcome To Drops,Welcome_1_-_Food_&_Drink,136
ʻokiʻoki au,I chop,Welcome To Drops,Welcome_1_-_Food_&_Drink,1007
hoʻāʻo au,I taste,Welcome To Drops,Welcome_1_-_Food_&_Drink,1862
ʻohu,fog,Welcome To Drops,Welcome_2_-_Weather_&_Earth,281
ua,rain,Welcome To Drops,Welcome_2_-_Weather_&_Earth,282
hau kea,snow,Welcome To Drops,Welcome_2_-_Weather_&_Earth,283
lā,sun,Welcome To Drops,Welcome_2_-_Weather_&_Earth,284
ke ʻano o ka manawa,weather forecast,Welcome To Drops,Welcome_2_-_Weather_&_Earth,286
makani,wind,Welcome To Drops,Welcome_2_-_Weather_&_Earth,287
hoʻoilo,winter,Welcome To Drops,Welcome_2_-_Weather_&_Earth,290
kauwela,summer,Welcome To Drops,Welcome_2_-_Weather_&_Earth,291
hāʻulelau,fall,Welcome To Drops,Welcome_2_-_Weather_&_Earth,292
kupulau,spring,Welcome To Drops,Welcome_2_-_Weather_&_Earth,293
ʻino,storm,Welcome To Drops,Welcome_2_-_Weather_&_Earth,295
wā maloʻo,drought,Welcome To Drops,Welcome_2_-_Weather_&_Earth,1702
ipo,girlfriend,Welcome To Drops,Welcome_3_-_Love_&_Emotions,369
ipo,boyfriend,Welcome To Drops,Welcome_3_-_Love_&_Emotions,375
pōniu,dizzy,Welcome To Drops,Welcome_3_-_Love_&_Emotions,385
mālie,calm,Welcome To Drops,Welcome_3_-_Love_&_Emotions,578
hoka,disappointed,Welcome To Drops,Welcome_3_-_Love_&_Emotions,580
puʻuwai hauʻoli,excited,Welcome To Drops,Welcome_3_-_Love_&_Emotions,582
makaʻu,frightened,Welcome To Drops,Welcome_3_-_Love_&_Emotions,583
nāukiuki,grumpy,Welcome To Drops,Welcome_3_-_Love_&_Emotions,584
hauʻoli,happy,Welcome To Drops,Welcome_3_-_Love_&_Emotions,585
aloha,in love,Welcome To Drops,Welcome_3_-_Love_&_Emotions,586
pūʻiwa,surprised,Welcome To Drops,Welcome_3_-_Love_&_Emotions,591
ʻŌlelo au,I speak,Welcome To Drops,Welcome_3_-_Love_&_Emotions,616
hiamoe au,I sleep,Verbs & Phrases,"As_a_human,_I...",156
noho au,I sit,Verbs & Phrases,"As_a_human,_I...",157
Kuha au,I spit,Verbs & Phrases,"As_a_human,_I...",256
Hīmeni au,I sing,Verbs & Phrases,"As_a_human,_I...",416
kahe koʻu koko,I bleed,Verbs & Phrases,"As_a_human,_I...",822
pūhiʻu au,I fart,Verbs & Phrases,"As_a_human,_I...",1260
mimi au,I pee,Verbs & Phrases,"As_a_human,_I...",1261
hana lepo au,I poop,Verbs & Phrases,"As_a_human,_I...",1262
Kunu au,I cough,Verbs & Phrases,"As_a_human,_I...",1430
hoʻopā au,I touch,Verbs & Phrases,"As_a_human,_I...",1521
Honi au,I smell,Verbs & Phrases,"As_a_human,_I...",1554
hanu au,I breathe,Verbs & Phrases,"As_a_human,_I...",1603
lohe au,I hear,Verbs & Phrases,"As_a_human,_I...",1773
He Paikikala e holo ana au,I ride a bicycle,Verbs & Phrases,How_I_Move,196
Hele wāwae au,I walk,Verbs & Phrases,How_I_Move,258
Hulahula au,I dance,Verbs & Phrases,How_I_Move,417
Lele au,I jump,Verbs & Phrases,How_I_Move,437
Holo au,I run,Verbs & Phrases,How_I_Move,438
ʻau au,I swim,Verbs & Phrases,How_I_Move,517
Piʻi au i ke alapiʻi,I climb the stairs,Verbs & Phrases,How_I_Move,651
Paheʻe au,I slip,Verbs & Phrases,How_I_Move,1280
Hāʻule au,I fall,Verbs & Phrases,How_I_Move,1451
hina au,I fell over,Verbs & Phrases,How_I_Move,1553
Pena au,I paint,Verbs & Phrases,How_I_Act,566
Kākau au,I write,Verbs & Phrases,How_I_Act,567
Hoʻopaʻa haʻawina au,I study,Verbs & Phrases,How_I_Act,811
hoʻokulāia au,I celebrate,Verbs & Phrases,How_I_Act,1095
koho au,I choose,Verbs & Phrases,How_I_Act,1225
ʻImi au,I search,Verbs & Phrases,How_I_Act,1452
nīnau au,I ask,Verbs & Phrases,How_I_Act,1465
koho pāloka au,I vote,Verbs & Phrases,How_I_Act,1522
haʻi au,I flirt,Verbs & Phrases,How_I_Act,1573
ʻAihue au,I steal,Verbs & Phrases,What_I_Do,1367
ʻApo au,I catch,Verbs & Phrases,What_I_Do,1450
hoʻopiha au,I fill,Verbs & Phrases,What_I_Do,1489
puhi au,I bake,Verbs & Phrases,What_I_Do,1501
heʻe ia,it slides,Verbs & Phrases,What_It_Does,1618
kakaʻa ia,It rolls,Verbs & Phrases,What_It_Does,1680
Aloha,hi,Verbs & Phrases,Basic_Phrases,4
Mahalo,thank you,Verbs & Phrases,Basic_Phrases,5
A hui hou,bye,Verbs & Phrases,Basic_Phrases,6
ʻoluʻolu,please,Verbs & Phrases,Basic_Phrases,7
hiamoe au,I sleep,Verbs & Phrases,"As_a_human,_I...",156
noho au,I sit,Verbs & Phrases,"As_a_human,_I...",157
Kuha au,I spit,Verbs & Phrases,"As_a_human,_I...",256
Hīmeni au,I sing,Verbs & Phrases,"As_a_human,_I...",416
kahe koʻu koko,I bleed,Verbs & Phrases,"As_a_human,_I...",822
pūhiʻu au,I fart,Verbs & Phrases,"As_a_human,_I...",1260
mimi au,I pee,Verbs & Phrases,"As_a_human,_I...",1261
hana lepo au,I poop,Verbs & Phrases,"As_a_human,_I...",1262
Kunu au,I cough,Verbs & Phrases,"As_a_human,_I...",1430
hoʻopā au,I touch,Verbs & Phrases,"As_a_human,_I...",1521
Honi au,I smell,Verbs & Phrases,"As_a_human,_I...",1554
hanu au,I breathe,Verbs & Phrases,"As_a_human,_I...",1603
lohe au,I hear,Verbs & Phrases,"As_a_human,_I...",1773
He Paikikala e holo ana au,I ride a bicycle,Verbs & Phrases,How_I_Move,196
Hele wāwae au,I walk,Verbs & Phrases,How_I_Move,258
Hulahula au,I dance,Verbs & Phrases,How_I_Move,417
Lele au,I jump,Verbs & Phrases,How_I_Move,437
Holo au,I run,Verbs & Phrases,How_I_Move,438
ʻau au,I swim,Verbs & Phrases,How_I_Move,517
Piʻi au i ke alapiʻi,I climb the stairs,Verbs & Phrases,How_I_Move,651
Paheʻe au,I slip,Verbs & Phrases,How_I_Move,1280
Hāʻule au,I fall,Verbs & Phrases,How_I_Move,1451
hina au,I fell over,Verbs & Phrases,How_I_Move,1553
Pena au,I paint,Verbs & Phrases,How_I_Act,566
Kākau au,I write,Verbs & Phrases,How_I_Act,567
Hoʻopaʻa haʻawina au,I study,Verbs & Phrases,How_I_Act,811
hoʻokulāia au,I celebrate,Verbs & Phrases,How_I_Act,1095
koho au,I choose,Verbs & Phrases,How_I_Act,1225
ʻImi au,I search,Verbs & Phrases,How_I_Act,1452
nīnau au,I ask,Verbs & Phrases,How_I_Act,1465
koho pāloka au,I vote,Verbs & Phrases,How_I_Act,1522
haʻi au,I flirt,Verbs & Phrases,How_I_Act,1573
ʻAihue au,I steal,Verbs & Phrases,What_I_Do,1367
ʻApo au,I catch,Verbs & Phrases,What_I_Do,1450
hoʻopiha au,I fill,Verbs & Phrases,What_I_Do,1489
puhi au,I bake,Verbs & Phrases,What_I_Do,1501
heʻe ia,it slides,Verbs & Phrases,What_It_Does,1618
kakaʻa ia,It rolls,Verbs & Phrases,What_It_Does,1680
Aloha,hi,Verbs & Phrases,Basic_Phrases,4
Mahalo,thank you,Verbs & Phrases,Basic_Phrases,5
A hui hou,bye,Verbs & Phrases,Basic_Phrases,6
ʻoluʻolu,please,Verbs & Phrases,Basic_Phrases,7
hiamoe au,I sleep,Verbs,"As_a_human,_I...",156
noho au,I sit,Verbs,"As_a_human,_I...",157
Kuha au,I spit,Verbs,"As_a_human,_I...",256
Hīmeni au,I sing,Verbs,"As_a_human,_I...",416
kahe koʻu koko,I bleed,Verbs,"As_a_human,_I...",822
pūhiʻu au,I fart,Verbs,"As_a_human,_I...",1260
mimi au,I pee,Verbs,"As_a_human,_I...",1261
hana lepo au,I poop,Verbs,"As_a_human,_I...",1262
Kunu au,I cough,Verbs,"As_a_human,_I...",1430
hoʻopā au,I touch,Verbs,"As_a_human,_I...",1521
Honi au,I smell,Verbs,"As_a_human,_I...",1554
hanu au,I breathe,Verbs,"As_a_human,_I...",1603
lohe au,I hear,Verbs,"As_a_human,_I...",1773
He Paikikala e holo ana au,I ride a bicycle,Verbs,How_I_Move,196
Hele wāwae au,I walk,Verbs,How_I_Move,258
Hulahula au,I dance,Verbs,How_I_Move,417
Lele au,I jump,Verbs,How_I_Move,437
Holo au,I run,Verbs,How_I_Move,438
ʻau au,I swim,Verbs,How_I_Move,517
Piʻi au i ke alapiʻi,I climb the stairs,Verbs,How_I_Move,651
Paheʻe au,I slip,Verbs,How_I_Move,1280
Hāʻule au,I fall,Verbs,How_I_Move,1451
hina au,I fell over,Verbs,How_I_Move,1553
Pena au,I paint,Verbs,How_I_Act,566
Kākau au,I write,Verbs,How_I_Act,567
Hoʻopaʻa haʻawina au,I study,Verbs,How_I_Act,811
hoʻokulāia au,I celebrate,Verbs,How_I_Act,1095
koho au,I choose,Verbs,How_I_Act,1225
ʻImi au,I search,Verbs,How_I_Act,1452
nīnau au,I ask,Verbs,How_I_Act,1465
koho pāloka au,I vote,Verbs,How_I_Act,1522
haʻi au,I flirt,Verbs,How_I_Act,1573
ʻAihue au,I steal,Verbs,What_I_Do,1367
ʻApo au,I catch,Verbs,What_I_Do,1450
hoʻopiha au,I fill,Verbs,What_I_Do,1489
puhi au,I bake,Verbs,What_I_Do,1501
heʻe ia,it slides,Verbs,What_It_Does,1618
kakaʻa ia,It rolls,Verbs,What_It_Does,1680
Aloha,hi,Phrases,Basic_Phrases,4
Mahalo,thank you,Phrases,Basic_Phrases,5
A hui hou,bye,Phrases,Basic_Phrases,6
ʻoluʻolu,please,Phrases,Basic_Phrases,7
ʻōmole hānai waiū,baby bottle,People & Relationships,Baby,1290
moe kamaliʻi,baby crib,People & Relationships,Baby,1291
ʻulīkeke,baby rattle,People & Relationships,Baby,1292
noho pēpē,bouncer,People & Relationships,Baby,1293
pale hānai,bib,People & Relationships,Baby,1294
hānau,birth,People & Relationships,Baby,1295
poli ʻai,breastfeeding,People & Relationships,Baby,1296
kaiapa,diaper,People & Relationships,Baby,1298
hoʻololi kaiapa,diaper change,People & Relationships,Baby,1299
ʻaluʻalu,fetus,People & Relationships,Baby,1300
pōkē pua,bouquet,People & Relationships,Marriage,1460
mahina meli,honeymoon,People & Relationships,Marriage,1464
noi,proposal,People & Relationships,Marriage,1467
palaoa hoʻopāpaʻa,toast,People & Relationships,Marriage,1469
mea ʻono male,wedding cake,People & Relationships,Marriage,1470
ʻaelike male,wedding contract,People & Relationships,Marriage,1471
lā male,wedding day,People & Relationships,Marriage,1472
ʻaʻahu male,wedding dress,People & Relationships,Marriage,1473
makana male,wedding gift,People & Relationships,Marriage,1474
palapala kono male,wedding invitation,People & Relationships,Marriage,1475
apo male,wedding ring,People & Relationships,Marriage,1476
mea hoʻonā pēpē,pacifier,People & Relationships,More_Baby,1303
lua,potty,People & Relationships,More_Baby,1304
hapaina,pregnancy,People & Relationships,More_Baby,1305
māhoe,twins,People & Relationships,More_Baby,1306
noi,proposal,People & Relationships,We're_engaged!,1467
pōkē pua,bouquet,People & Relationships,Wedding_Day,1460
wahine male hou,bride,People & Relationships,Wedding_Day,1461
kāne male hou,groom,People & Relationships,Wedding_Day,1463
mahina meli,honeymoon,People & Relationships,Wedding_Day,1464
mea ʻono male,wedding cake,People & Relationships,Wedding_Day,1470
lā male,wedding day,People & Relationships,Wedding_Day,1472
ʻaʻahu male,wedding dress,People & Relationships,Wedding_Day,1473
apo male,wedding ring,People & Relationships,Wedding_Day,1476
mākua,parents,People & Relationships,My_Family,364
makua kāne,father,People & Relationships,My_Family,366
kupuna kāne,grandfather,People & Relationships,My_Family,370
kupuna wahine,grandmother,People & Relationships,My_Family,371
makuahine,mother,People & Relationships,My_Family,374
pūliki,hug,People & Relationships,My_Family,1571
kaʻa lawe maʻi,ambulance,Health & Wellness,Health,381
Haʻawina hōʻike,examination,Health & Wellness,Health,1428
pana,heartbeat,Health & Wellness,Health,1429
pila lāʻau,medical bill,Health & Wellness,Health,1433
palapala lāʻau,medical record,Health & Wellness,Health,1434
maʻi,patient,Health & Wellness,Health,1435
hoʻokomo ʻana,patient admission,Health & Wellness,Health,1436
kauka kaha,surgeon,Health & Wellness,Health,1441
kino,body,Health & Wellness,Body,421
poʻo,head,Health & Wellness,Body,422
lauoho,hair,Health & Wellness,Body,423
helehelena,face,Health & Wellness,Body,424
pepeiao,ears,Health & Wellness,Body,425
maka,eyes,Health & Wellness,Body,426
ihu,nose,Health & Wellness,Body,427
waha,mouth,Health & Wellness,Body,428
niho,tooth,Health & Wellness,Body,429
lehe,lips,Health & Wellness,Body,431
lima,hand,Health & Wellness,Body,432
manamana lima,finger,Health & Wellness,Body,433
maiʻao,nail,Health & Wellness,Body,434
wāwae,foot,Health & Wellness,Body,435
Lele au,I jump,Health & Wellness,Body,437
Holo au,I run,Health & Wellness,Body,438
huhū,angry,Health & Wellness,Emotions,576
manakā,bored,Health & Wellness,Emotions,577
mālie,calm,Health & Wellness,Emotions,578
pupule,crazy,Health & Wellness,Emotions,579
puʻuwai hauʻoli,excited,Health & Wellness,Emotions,582
hauʻoli,happy,Health & Wellness,Emotions,585
pīhoihoi wale,nervous,Health & Wellness,Emotions,587
luhi,tired,Health & Wellness,Emotions,592
kino,body,Health & Wellness,Body_Parts,421
lima,hand,Health & Wellness,Body_Parts,432
manamana lima,finger,Health & Wellness,Body_Parts,433
maiʻao,nail,Health & Wellness,Body_Parts,434
wāwae,foot,Health & Wellness,Body_Parts,435
kuʻekuʻe wāwae,ankle,Health & Wellness,Body_Parts,814
uluna,arm,Health & Wellness,Body_Parts,815
kuʻekuʻe,elbow,Health & Wellness,Body_Parts,819
kuʻekuʻe wāwae,heel,Health & Wellness,Body_Parts,821
kuli,knee,Health & Wellness,Body_Parts,823
wāwae,leg,Health & Wellness,Body_Parts,824
uaki hoʻāla,alarm clock,Health & Wellness,Sleep,1239
pālulu pukaaniani,blinds,Health & Wellness,Sleep,1240
moeʻuhane,dream,Health & Wellness,Sleep,1242
moe lewa,hammock,Health & Wellness,Sleep,1243
mīkini hoʻonui kawaūea,humidifier,Health & Wellness,Sleep,1244
hiaʻā,insomnia,Health & Wellness,Sleep,1245
hiamoe iki,nap,Health & Wellness,Sleep,1246
pō,night,Health & Wellness,Sleep,1247
moe ʻino,nightmare,Health & Wellness,Sleep,1248
pākaukau moe,nightstand,Health & Wellness,Sleep,1249
lāʻau hoʻomāʻeʻele,anesthetic,Health & Wellness,Oral_Care,1477
mea hoʻopololei niho,braces,Health & Wellness,Oral_Care,1478
puka niho,cavity,Health & Wellness,Oral_Care,1479
lapaʻau niho,root canal treatment,Health & Wellness,Oral_Care,1486
papa niho,teeth bridge,Health & Wellness,Oral_Care,1487
hoʻokeʻo niho,teeth whitening,Health & Wellness,Oral_Care,1488
kalaunu niho,tooth crown,Health & Wellness,Oral_Care,1490
wili niho,tooth drilling,Health & Wellness,Oral_Care,1491
huki niho,tooth extraction,Health & Wellness,Oral_Care,1492
hoʻokomo niho,tooth implant,Health & Wellness,Oral_Care,1493
noho ʻie,deck chair,Health & Wellness,Spa,1904
kapu wela,hot tub,Health & Wellness,Spa,1905
lumi waihona pāiki,locker room,Health & Wellness,Spa,1909
pūloʻuloʻu,steam room,Health & Wellness,Spa,1912
pūnāwai ʻauʻau,swimming pool,Health & Wellness,Spa,1913
pūnāwai mahana,thermal bath,Health & Wellness,Spa,1914
wai mahana,thermal water,Health & Wellness,Spa,1915
paheʻe wai,water slide,Health & Wellness,Spa,1917
uhi maka hiamoe,sleep mask,Health & Wellness,More_Sleep,1250
hele wāwae hiamoe,sleep walking,Health & Wellness,More_Sleep,1251
moe,sleeping,Health & Wellness,More_Sleep,1252
huaale moe,sleeping pill,Health & Wellness,More_Sleep,1253
nonō,snoring,Health & Wellness,More_Sleep,1254
hāmama,yawn,Health & Wellness,More_Sleep,1255
niho,tooth,Health & Wellness,More_Body_Parts,429
niho huʻi,toothache,Health & Wellness,Aches_&_Pains,391
nalu,meditation,Health & Wellness,Mindfulness,1538
kī,tea,Health & Wellness,Natural_Remedies,33
hiamoe au,I sleep,Health & Wellness,Natural_Remedies,156
kunu,cough,Health & Wellness,COVID_Talk,386
piwa,fever,Health & Wellness,COVID_Talk,387
iwi kanaka,skeleton,Holidays,Halloween,827
Heleuī,Halloween,Holidays,Halloween,1094
ʻōpeʻapeʻa,bat,Holidays,Halloween,1189
tutua,monster,Holidays,Halloween,1776
makana,gift,Holidays,Winter_Holidays,1093
hoʻokulāia au,I celebrate,Holidays,Winter_Holidays,1095
puhi au,I bake,Holidays,Winter_Holidays,1501
pāʻina,party,Holidays,New_Years,407
kao lele,fireworks,Holidays,New_Years,1091
Ahiahi Makahiki Hou,New Year's Eve,Holidays,New_Years,1098
palaoa hoʻopāpaʻa,toast,Holidays,New_Years,1469
Lā Aloha,Valentine's day,Holidays,Valentine's_Day,1101
pōkē pua,bouquet,Holidays,Valentine's_Day,1460
mōʻī,king,Gaming,Deck_of_Cards,1041
mōʻī wahine,queen,Gaming,Deck_of_Cards,1049
hale waihona puke,library,All Things School,Naming_Things_at_School,303
lumi papa,classroom,All Things School,Naming_Things_at_School,799
papa keʻokeʻo,whiteboard,All Things School,Naming_Things_at_School,813
kini ʻōpala,trash can,All Things School,Naming_Things_at_School,1001
waihona pāiki,locker,All Things School,Naming_Things_at_School,1114
mīkini helu,calculator,All Things School,In_My_Backpack,798
mea holoi,eraser,All Things School,In_My_Backpack,801
ʻīnika,ink,All Things School,In_My_Backpack,804
kālana kākau,notebook,All Things School,In_My_Backpack,806
ʻūmiʻi pepa,paper clip,All Things School,In_My_Backpack,807
peni,pen,All Things School,In_My_Backpack,808
penikala,pencil,All Things School,In_My_Backpack,809
lula,ruler,All Things School,In_My_Backpack,810
kāleka hōʻoia haumāna,student id,All Things School,In_My_Backpack,812
ʻawe,backpack,All Things School,In_My_Backpack,1103
mea ʻohi kālā,cashier,All Things School,At_the_Cafeteria,209
kāwele pepa,napkin,All Things School,At_the_Cafeteria,739
pā halihali,tray,All Things School,At_the_Cafeteria,744
hōʻike,exam,All Things School,Study_Routine,802
Hoʻopaʻa haʻawina au,I study,All Things School,Study_Routine,811
hoʻāʻo,experiment,All Things School,Science_Lab,1637
hana kemika,chemistry,All Things School,School_Subjects,1633
palapala,diploma,All Things School,University_Studies,800
puka kula,graduation,All Things School,University_Studies,803
haʻi aʻo,lecture,All Things School,University_Studies,805
noi,proposal,My Romantic Relationships,We're_engaged!,1467
pōkē pua,bouquet,My Romantic Relationships,Wedding_Day,1460
wahine male hou,bride,My Romantic Relationships,Wedding_Day,1461
kāne male hou,groom,My Romantic Relationships,Wedding_Day,1463
mahina meli,honeymoon,My Romantic Relationships,Wedding_Day,1464
mea ʻono male,wedding cake,My Romantic Relationships,Wedding_Day,1470
lā male,wedding day,My Romantic Relationships,Wedding_Day,1472
ʻaʻahu male,wedding dress,My Romantic Relationships,Wedding_Day,1473
apo male,wedding ring,My Romantic Relationships,Wedding_Day,1476
